[{"model": "admin.logentry", "pk": 130, "fields": {"action_time": "2023-12-15T10:29:43.910Z", "user": 8, "content_type": 7, "object_id": "47c0c077-b98d-477a-831a-fd4a2f240f99", "object_repr": "UserProfile object (47c0c077-b98d-477a-831a-fd4a2f240f99)", "action_flag": 3, "change_message": ""}}, {"model": "admin.logentry", "pk": 131, "fields": {"action_time": "2023-12-15T10:29:54.656Z", "user": 8, "content_type": 4, "object_id": "7", "object_repr": "vinitmunjani1513", "action_flag": 3, "change_message": ""}}, {"model": "admin.logentry", "pk": 132, "fields": {"action_time": "2023-12-15T10:36:32.390Z", "user": 8, "content_type": 7, "object_id": "e76b2d58-3f0b-46aa-a975-e9e5ba3267c7", "object_repr": "UserProfile object (e76b2d58-3f0b-46aa-a975-e9e5ba3267c7)", "action_flag": 3, "change_message": ""}}, {"model": "admin.logentry", "pk": 133, "fields": {"action_time": "2023-12-15T10:36:41.290Z", "user": 8, "content_type": 7, "object_id": "143102bb-28c0-43c5-a480-556a4c68218d", "object_repr": "UserProfile object (143102bb-28c0-43c5-a480-556a4c68218d)", "action_flag": 3, "change_message": ""}}, {"model": "admin.logentry", "pk": 134, "fields": {"action_time": "2023-12-15T10:36:53.594Z", "user": 8, "content_type": 4, "object_id": "10", "object_repr": "vinitmunjani15012003", "action_flag": 3, "change_message": ""}}, {"model": "admin.logentry", "pk": 135, "fields": {"action_time": "2023-12-15T10:36:53.598Z", "user": 8, "content_type": 4, "object_id": "9", "object_repr": "vinitmunjani1513", "action_flag": 3, "change_message": ""}}, {"model": "admin.logentry", "pk": 136, "fields": {"action_time": "2023-12-15T10:46:04.044Z", "user": 8, "content_type": 4, "object_id": "11", "object_repr": "vinitmunjani15012003", "action_flag": 3, "change_message": ""}}, {"model": "admin.logentry", "pk": 137, "fields": {"action_time": "2023-12-15T10:46:04.048Z", "user": 8, "content_type": 4, "object_id": "12", "object_repr": "vinitmunjani1513", "action_flag": 3, "change_message": ""}}, {"model": "admin.logentry", "pk": 138, "fields": {"action_time": "2023-12-15T10:52:39.344Z", "user": 8, "content_type": 4, "object_id": "13", "object_repr": "vinitmunjani1513", "action_flag": 3, "change_message": ""}}, {"model": "admin.logentry", "pk": 139, "fields": {"action_time": "2023-12-15T10:53:36.790Z", "user": 8, "content_type": 4, "object_id": "14", "object_repr": "vinitmunjani1513", "action_flag": 3, "change_message": ""}}, {"model": "admin.logentry", "pk": 140, "fields": {"action_time": "2023-12-15T10:56:05.178Z", "user": 8, "content_type": 4, "object_id": "15", "object_repr": "vinitmunjani1513", "action_flag": 3, "change_message": ""}}, {"model": "admin.logentry", "pk": 141, "fields": {"action_time": "2023-12-15T11:19:50.077Z", "user": 8, "content_type": 4, "object_id": "16", "object_repr": "vinitmunjani1513", "action_flag": 3, "change_message": ""}}, {"model": "admin.logentry", "pk": 142, "fields": {"action_time": "2023-12-15T11:25:47.466Z", "user": 8, "content_type": 4, "object_id": "17", "object_repr": "vinitmunjani1513", "action_flag": 3, "change_message": ""}}, {"model": "admin.logentry", "pk": 143, "fields": {"action_time": "2023-12-15T11:26:36.378Z", "user": 8, "content_type": 4, "object_id": "18", "object_repr": "vinitmunjani1513", "action_flag": 3, "change_message": ""}}, {"model": "admin.logentry", "pk": 144, "fields": {"action_time": "2023-12-15T11:29:12.943Z", "user": 8, "content_type": 4, "object_id": "19", "object_repr": "vinitmunjani1513", "action_flag": 3, "change_message": ""}}, {"model": "admin.logentry", "pk": 145, "fields": {"action_time": "2023-12-15T11:59:22.575Z", "user": 8, "content_type": 4, "object_id": "20", "object_repr": "vinitmunjani1513", "action_flag": 3, "change_message": ""}}, {"model": "admin.logentry", "pk": 146, "fields": {"action_time": "2023-12-15T12:05:51.630Z", "user": 8, "content_type": 4, "object_id": "21", "object_repr": "vinitmunjani1513", "action_flag": 3, "change_message": ""}}, {"model": "admin.logentry", "pk": 147, "fields": {"action_time": "2023-12-15T12:06:41.553Z", "user": 8, "content_type": 4, "object_id": "22", "object_repr": "vinitmunjani1513", "action_flag": 3, "change_message": ""}}, {"model": "admin.logentry", "pk": 148, "fields": {"action_time": "2023-12-15T12:08:04.298Z", "user": 8, "content_type": 4, "object_id": "23", "object_repr": "vinitmunjani1513", "action_flag": 3, "change_message": ""}}, {"model": "admin.logentry", "pk": 149, "fields": {"action_time": "2023-12-15T12:11:41.052Z", "user": 8, "content_type": 4, "object_id": "24", "object_repr": "vinitmunjani15012003", "action_flag": 3, "change_message": ""}}, {"model": "admin.logentry", "pk": 150, "fields": {"action_time": "2023-12-15T12:13:46.554Z", "user": 8, "content_type": 4, "object_id": "25", "object_repr": "vinitmunjani15012003", "action_flag": 3, "change_message": ""}}, {"model": "admin.logentry", "pk": 151, "fields": {"action_time": "2023-12-15T12:23:36.086Z", "user": 8, "content_type": 4, "object_id": "26", "object_repr": "vinitmunjani15012003", "action_flag": 3, "change_message": ""}}, {"model": "admin.logentry", "pk": 152, "fields": {"action_time": "2023-12-15T12:25:57.681Z", "user": 8, "content_type": 4, "object_id": "27", "object_repr": "vinitmunjani1513", "action_flag": 3, "change_message": ""}}, {"model": "admin.logentry", "pk": 153, "fields": {"action_time": "2023-12-15T12:26:52.586Z", "user": 8, "content_type": 4, "object_id": "28", "object_repr": "vinitmunjani1513", "action_flag": 3, "change_message": ""}}, {"model": "admin.logentry", "pk": 154, "fields": {"action_time": "2023-12-15T12:27:49.308Z", "user": 8, "content_type": 4, "object_id": "29", "object_repr": "vinitmunjani1513", "action_flag": 3, "change_message": ""}}, {"model": "admin.logentry", "pk": 155, "fields": {"action_time": "2023-12-15T12:38:41.570Z", "user": 8, "content_type": 4, "object_id": "30", "object_repr": "vinitmunjani1513", "action_flag": 3, "change_message": ""}}, {"model": "admin.logentry", "pk": 156, "fields": {"action_time": "2023-12-15T12:42:01.422Z", "user": 8, "content_type": 4, "object_id": "31", "object_repr": "vinitmunjani1513", "action_flag": 3, "change_message": ""}}, {"model": "admin.logentry", "pk": 157, "fields": {"action_time": "2023-12-15T12:46:12.365Z", "user": 8, "content_type": 4, "object_id": "33", "object_repr": "vinitmunjani15012003", "action_flag": 3, "change_message": ""}}, {"model": "admin.logentry", "pk": 158, "fields": {"action_time": "2023-12-15T12:46:12.381Z", "user": 8, "content_type": 4, "object_id": "32", "object_repr": "vinitmunjani1513", "action_flag": 3, "change_message": ""}}, {"model": "admin.logentry", "pk": 159, "fields": {"action_time": "2023-12-15T12:47:27.348Z", "user": 8, "content_type": 4, "object_id": "34", "object_repr": "vinitmunjani15012003", "action_flag": 3, "change_message": ""}}, {"model": "admin.logentry", "pk": 160, "fields": {"action_time": "2023-12-15T12:48:42.732Z", "user": 8, "content_type": 4, "object_id": "35", "object_repr": "vinitmunjani15012003", "action_flag": 3, "change_message": ""}}, {"model": "admin.logentry", "pk": 161, "fields": {"action_time": "2023-12-15T12:55:07.633Z", "user": 8, "content_type": 4, "object_id": "36", "object_repr": "vinitmunjani15012003", "action_flag": 3, "change_message": ""}}, {"model": "admin.logentry", "pk": 162, "fields": {"action_time": "2023-12-15T12:59:31.406Z", "user": 8, "content_type": 4, "object_id": "37", "object_repr": "vinitmunjani15012003", "action_flag": 3, "change_message": ""}}, {"model": "admin.logentry", "pk": 163, "fields": {"action_time": "2023-12-15T13:00:06.950Z", "user": 8, "content_type": 4, "object_id": "38", "object_repr": "vinitmunjani15012003", "action_flag": 3, "change_message": ""}}, {"model": "admin.logentry", "pk": 164, "fields": {"action_time": "2023-12-21T06:27:40.053Z", "user": 8, "content_type": 4, "object_id": "8", "object_repr": "vinitmunjani", "action_flag": 2, "change_message": "[{\"changed\": {\"fields\": [\"Email address\"]}}]"}}, {"model": "admin.logentry", "pk": 165, "fields": {"action_time": "2023-12-22T16:53:28.212Z", "user": 8, "content_type": 10, "object_id": "98895d34-ec64-4478-abf1-0d9595c555f9", "object_repr": "PURE WHITE T-SHIRT", "action_flag": 2, "change_message": "[{\"changed\": {\"name\": \"product image\", \"object\": \"ProductImage object (81ce189d-e11a-4d52-8be1-fef1b0b984f0)\", \"fields\": [\"Image\"]}}]"}}, {"model": "admin.logentry", "pk": 166, "fields": {"action_time": "2023-12-22T16:54:02.138Z", "user": 8, "content_type": 10, "object_id": "9bdf9b50-e0fb-4c6a-b587-b5fdfab3b494", "object_repr": "Royal Blue", "action_flag": 2, "change_message": "[{\"changed\": {\"name\": \"product image\", \"object\": \"ProductImage object (fe214cc1-0f4b-45ff-ae00-402879928490)\", \"fields\": [\"Image\"]}}]"}}, {"model": "admin.logentry", "pk": 167, "fields": {"action_time": "2023-12-22T16:54:32.865Z", "user": 8, "content_type": 10, "object_id": "9d1e1259-1b0b-4935-8ef2-b5272ecc4eb1", "object_repr": "Black", "action_flag": 2, "change_message": "[{\"changed\": {\"name\": \"product image\", \"object\": \"ProductImage object (fdc6f95f-06c4-4b56-a8fb-ff5a65ab0442)\", \"fields\": [\"Image\"]}}]"}}, {"model": "admin.logentry", "pk": 168, "fields": {"action_time": "2023-12-22T16:55:35.177Z", "user": 8, "content_type": 10, "object_id": "d3ab01b8-045a-4d45-9832-35fec6dda1aa", "object_repr": "lavender", "action_flag": 2, "change_message": "[{\"changed\": {\"fields\": [\"Product name\", \"Slug\", \"Product description\"]}}, {\"changed\": {\"name\": \"product image\", \"object\": \"ProductImage object (f5774f92-577b-492e-8d70-8103eaceb953)\", \"fields\": [\"Image\"]}}]"}}, {"model": "admin.logentry", "pk": 169, "fields": {"action_time": "2023-12-22T16:56:45.891Z", "user": 8, "content_type": 10, "object_id": "e61f37bd-00ff-4b0c-893b-0f5d17cc40cd", "object_repr": "cement gray", "action_flag": 2, "change_message": "[{\"changed\": {\"fields\": [\"Product name\", \"Slug\", \"Product description\"]}}, {\"changed\": {\"name\": \"product image\", \"object\": \"ProductImage object (e67eb0fd-1982-4b51-b0d4-32b3da56ba37)\", \"fields\": [\"Image\"]}}]"}}, {"model": "admin.logentry", "pk": 170, "fields": {"action_time": "2023-12-22T16:58:24.288Z", "user": 8, "content_type": 10, "object_id": "e61f37bd-00ff-4b0c-893b-0f5d17cc40cd", "object_repr": "cement gray", "action_flag": 2, "change_message": "[{\"changed\": {\"fields\": [\"Discounted price\"]}}]"}}, {"model": "admin.logentry", "pk": 171, "fields": {"action_time": "2023-12-22T16:58:31.004Z", "user": 8, "content_type": 10, "object_id": "d3ab01b8-045a-4d45-9832-35fec6dda1aa", "object_repr": "lavender", "action_flag": 2, "change_message": "[{\"changed\": {\"fields\": [\"Discounted price\"]}}]"}}, {"model": "admin.logentry", "pk": 172, "fields": {"action_time": "2023-12-22T16:58:41.910Z", "user": 8, "content_type": 10, "object_id": "9d1e1259-1b0b-4935-8ef2-b5272ecc4eb1", "object_repr": "Black", "action_flag": 2, "change_message": "[{\"changed\": {\"fields\": [\"Discounted price\"]}}]"}}, {"model": "admin.logentry", "pk": 173, "fields": {"action_time": "2023-12-22T16:58:51.730Z", "user": 8, "content_type": 10, "object_id": "9bdf9b50-e0fb-4c6a-b587-b5fdfab3b494", "object_repr": "Royal Blue", "action_flag": 2, "change_message": "[{\"changed\": {\"fields\": [\"Discounted price\"]}}]"}}, {"model": "admin.logentry", "pk": 174, "fields": {"action_time": "2023-12-22T16:58:59.204Z", "user": 8, "content_type": 10, "object_id": "98895d34-ec64-4478-abf1-0d9595c555f9", "object_repr": "PURE WHITE T-SHIRT", "action_flag": 2, "change_message": "[{\"changed\": {\"fields\": [\"Discounted price\"]}}]"}}, {"model": "admin.logentry", "pk": 175, "fields": {"action_time": "2023-12-22T18:56:26.476Z", "user": 8, "content_type": 11, "object_id": "c165219f-65b1-4920-af0a-f5115c939383", "object_repr": "S", "action_flag": 1, "change_message": "[{\"added\": {}}]"}}, {"model": "admin.logentry", "pk": 176, "fields": {"action_time": "2023-12-22T18:56:34.108Z", "user": 8, "content_type": 11, "object_id": "6a030499-6182-44d3-9456-09a1689b78b4", "object_repr": "M", "action_flag": 1, "change_message": "[{\"added\": {}}]"}}, {"model": "admin.logentry", "pk": 177, "fields": {"action_time": "2023-12-22T18:57:16.728Z", "user": 8, "content_type": 10, "object_id": "d19738ac-a6b3-4e87-b684-be0055441267", "object_repr": "embrace the chaos", "action_flag": 1, "change_message": "[{\"added\": {}}, {\"added\": {\"name\": \"product image\", \"object\": \"ProductImage object (bf2a089d-6835-4803-a872-d6e206c93334)\"}}, {\"added\": {\"name\": \"product image\", \"object\": \"ProductImage object (adf93488-0d8c-4878-b465-0b69f2690dc6)\"}}]"}}, {"model": "admin.logentry", "pk": 178, "fields": {"action_time": "2023-12-23T14:01:00.839Z", "user": 8, "content_type": 4, "object_id": "40", "object_repr": "vinitmunjani1513", "action_flag": 3, "change_message": ""}}, {"model": "admin.logentry", "pk": 179, "fields": {"action_time": "2023-12-23T14:12:54.130Z", "user": 8, "content_type": 4, "object_id": "41", "object_repr": "vinitmunjani1513", "action_flag": 3, "change_message": ""}}, {"model": "admin.logentry", "pk": 180, "fields": {"action_time": "2023-12-23T14:21:33.457Z", "user": 8, "content_type": 4, "object_id": "8", "object_repr": "vinitmunjani", "action_flag": 2, "change_message": "[{\"changed\": {\"fields\": [\"Email address\"]}}]"}}, {"model": "auth.permission", "pk": 1, "fields": {"name": "Can add log entry", "content_type": 1, "codename": "add_logentry"}}, {"model": "auth.permission", "pk": 2, "fields": {"name": "Can change log entry", "content_type": 1, "codename": "change_logentry"}}, {"model": "auth.permission", "pk": 3, "fields": {"name": "Can delete log entry", "content_type": 1, "codename": "delete_logentry"}}, {"model": "auth.permission", "pk": 4, "fields": {"name": "Can view log entry", "content_type": 1, "codename": "view_logentry"}}, {"model": "auth.permission", "pk": 5, "fields": {"name": "Can add permission", "content_type": 2, "codename": "add_permission"}}, {"model": "auth.permission", "pk": 6, "fields": {"name": "Can change permission", "content_type": 2, "codename": "change_permission"}}, {"model": "auth.permission", "pk": 7, "fields": {"name": "Can delete permission", "content_type": 2, "codename": "delete_permission"}}, {"model": "auth.permission", "pk": 8, "fields": {"name": "Can view permission", "content_type": 2, "codename": "view_permission"}}, {"model": "auth.permission", "pk": 9, "fields": {"name": "Can add group", "content_type": 3, "codename": "add_group"}}, {"model": "auth.permission", "pk": 10, "fields": {"name": "Can change group", "content_type": 3, "codename": "change_group"}}, {"model": "auth.permission", "pk": 11, "fields": {"name": "Can delete group", "content_type": 3, "codename": "delete_group"}}, {"model": "auth.permission", "pk": 12, "fields": {"name": "Can view group", "content_type": 3, "codename": "view_group"}}, {"model": "auth.permission", "pk": 13, "fields": {"name": "Can add user", "content_type": 4, "codename": "add_user"}}, {"model": "auth.permission", "pk": 14, "fields": {"name": "Can change user", "content_type": 4, "codename": "change_user"}}, {"model": "auth.permission", "pk": 15, "fields": {"name": "Can delete user", "content_type": 4, "codename": "delete_user"}}, {"model": "auth.permission", "pk": 16, "fields": {"name": "Can view user", "content_type": 4, "codename": "view_user"}}, {"model": "auth.permission", "pk": 17, "fields": {"name": "Can add content type", "content_type": 5, "codename": "add_contenttype"}}, {"model": "auth.permission", "pk": 18, "fields": {"name": "Can change content type", "content_type": 5, "codename": "change_contenttype"}}, {"model": "auth.permission", "pk": 19, "fields": {"name": "Can delete content type", "content_type": 5, "codename": "delete_contenttype"}}, {"model": "auth.permission", "pk": 20, "fields": {"name": "Can view content type", "content_type": 5, "codename": "view_contenttype"}}, {"model": "auth.permission", "pk": 21, "fields": {"name": "Can add session", "content_type": 6, "codename": "add_session"}}, {"model": "auth.permission", "pk": 22, "fields": {"name": "Can change session", "content_type": 6, "codename": "change_session"}}, {"model": "auth.permission", "pk": 23, "fields": {"name": "Can delete session", "content_type": 6, "codename": "delete_session"}}, {"model": "auth.permission", "pk": 24, "fields": {"name": "Can view session", "content_type": 6, "codename": "view_session"}}, {"model": "auth.permission", "pk": 25, "fields": {"name": "Can add user profile", "content_type": 7, "codename": "add_userprofile"}}, {"model": "auth.permission", "pk": 26, "fields": {"name": "Can change user profile", "content_type": 7, "codename": "change_userprofile"}}, {"model": "auth.permission", "pk": 27, "fields": {"name": "Can delete user profile", "content_type": 7, "codename": "delete_userprofile"}}, {"model": "auth.permission", "pk": 28, "fields": {"name": "Can view user profile", "content_type": 7, "codename": "view_userprofile"}}, {"model": "auth.permission", "pk": 29, "fields": {"name": "Can add category", "content_type": 8, "codename": "add_category"}}, {"model": "auth.permission", "pk": 30, "fields": {"name": "Can change category", "content_type": 8, "codename": "change_category"}}, {"model": "auth.permission", "pk": 31, "fields": {"name": "Can delete category", "content_type": 8, "codename": "delete_category"}}, {"model": "auth.permission", "pk": 32, "fields": {"name": "Can view category", "content_type": 8, "codename": "view_category"}}, {"model": "auth.permission", "pk": 33, "fields": {"name": "Can add color variant", "content_type": 9, "codename": "add_colorvariant"}}, {"model": "auth.permission", "pk": 34, "fields": {"name": "Can change color variant", "content_type": 9, "codename": "change_colorvariant"}}, {"model": "auth.permission", "pk": 35, "fields": {"name": "Can delete color variant", "content_type": 9, "codename": "delete_colorvariant"}}, {"model": "auth.permission", "pk": 36, "fields": {"name": "Can view color variant", "content_type": 9, "codename": "view_colorvariant"}}, {"model": "auth.permission", "pk": 37, "fields": {"name": "Can add product", "content_type": 10, "codename": "add_product"}}, {"model": "auth.permission", "pk": 38, "fields": {"name": "Can change product", "content_type": 10, "codename": "change_product"}}, {"model": "auth.permission", "pk": 39, "fields": {"name": "Can delete product", "content_type": 10, "codename": "delete_product"}}, {"model": "auth.permission", "pk": 40, "fields": {"name": "Can view product", "content_type": 10, "codename": "view_product"}}, {"model": "auth.permission", "pk": 41, "fields": {"name": "Can add size variant", "content_type": 11, "codename": "add_sizevariant"}}, {"model": "auth.permission", "pk": 42, "fields": {"name": "Can change size variant", "content_type": 11, "codename": "change_sizevariant"}}, {"model": "auth.permission", "pk": 43, "fields": {"name": "Can delete size variant", "content_type": 11, "codename": "delete_sizevariant"}}, {"model": "auth.permission", "pk": 44, "fields": {"name": "Can view size variant", "content_type": 11, "codename": "view_sizevariant"}}, {"model": "auth.permission", "pk": 45, "fields": {"name": "Can add wishlist item", "content_type": 12, "codename": "add_wishlistitem"}}, {"model": "auth.permission", "pk": 46, "fields": {"name": "Can change wishlist item", "content_type": 12, "codename": "change_wishlistitem"}}, {"model": "auth.permission", "pk": 47, "fields": {"name": "Can delete wishlist item", "content_type": 12, "codename": "delete_wishlistitem"}}, {"model": "auth.permission", "pk": 48, "fields": {"name": "Can view wishlist item", "content_type": 12, "codename": "view_wishlistitem"}}, {"model": "auth.permission", "pk": 49, "fields": {"name": "Can add product image", "content_type": 13, "codename": "add_productimage"}}, {"model": "auth.permission", "pk": 50, "fields": {"name": "Can change product image", "content_type": 13, "codename": "change_productimage"}}, {"model": "auth.permission", "pk": 51, "fields": {"name": "Can delete product image", "content_type": 13, "codename": "delete_productimage"}}, {"model": "auth.permission", "pk": 52, "fields": {"name": "Can view product image", "content_type": 13, "codename": "view_productimage"}}, {"model": "auth.permission", "pk": 53, "fields": {"name": "Can add bag", "content_type": 14, "codename": "add_bag"}}, {"model": "auth.permission", "pk": 54, "fields": {"name": "Can change bag", "content_type": 14, "codename": "change_bag"}}, {"model": "auth.permission", "pk": 55, "fields": {"name": "Can delete bag", "content_type": 14, "codename": "delete_bag"}}, {"model": "auth.permission", "pk": 56, "fields": {"name": "Can view bag", "content_type": 14, "codename": "view_bag"}}, {"model": "auth.permission", "pk": 57, "fields": {"name": "Can add user add", "content_type": 15, "codename": "add_useradd"}}, {"model": "auth.permission", "pk": 58, "fields": {"name": "Can change user add", "content_type": 15, "codename": "change_useradd"}}, {"model": "auth.permission", "pk": 59, "fields": {"name": "Can delete user add", "content_type": 15, "codename": "delete_useradd"}}, {"model": "auth.permission", "pk": 60, "fields": {"name": "Can view user add", "content_type": 15, "codename": "view_useradd"}}, {"model": "auth.permission", "pk": 61, "fields": {"name": "Can add bag items", "content_type": 16, "codename": "add_bagitems"}}, {"model": "auth.permission", "pk": 62, "fields": {"name": "Can change bag items", "content_type": 16, "codename": "change_bagitems"}}, {"model": "auth.permission", "pk": 63, "fields": {"name": "Can delete bag items", "content_type": 16, "codename": "delete_bagitems"}}, {"model": "auth.permission", "pk": 64, "fields": {"name": "Can view bag items", "content_type": 16, "codename": "view_bagitems"}}, {"model": "auth.user", "pk": 8, "fields": {"password": "pbkdf2_sha256$390000$sN4i5iCHKJfxh20kVm6IkH$zsXov/jcvLLyJv/++5JQcEwUhRG6+3qYkSdSIolNA/A=", "last_login": "2023-12-23T14:21:27Z", "is_superuser": true, "username": "vinitmunjani", "first_name": "", "last_name": "", "email": "", "is_staff": true, "is_active": true, "date_joined": "2023-12-15T10:28:40Z", "groups": [], "user_permissions": []}}, {"model": "auth.user", "pk": 39, "fields": {"password": "pbkdf2_sha256$390000$E9dKt4sDpb2cygkzAeo5Ud$ceWIJz4HFHaA3t2m/XOWBSZYdfOdD1wlSJiEhpTomt4=", "last_login": null, "is_superuser": false, "username": "vinitmunjani15012003", "first_name": "", "last_name": "", "email": "vinitmunjani15012003@gmail.com", "is_staff": false, "is_active": true, "date_joined": "2023-12-15T13:00:14.498Z", "groups": [], "user_permissions": []}}, {"model": "auth.user", "pk": 42, "fields": {"password": "pbkdf2_sha256$390000$vaVqHlmj9jsNPhLcsS5JWE$9h7A/oY+GRYoWm+EntwkzrPWbi/UvhQIz/0sQSMBppQ=", "last_login": "2024-06-19T09:30:18.836Z", "is_superuser": false, "username": "vinitmunjani1513", "first_name": "", "last_name": "", "email": "vinitmunjani1513@gmail.com", "is_staff": false, "is_active": true, "date_joined": "2023-12-23T14:13:24.355Z", "groups": [], "user_permissions": []}}, {"model": "contenttypes.contenttype", "pk": 1, "fields": {"app_label": "admin", "model": "logentry"}}, {"model": "contenttypes.contenttype", "pk": 2, "fields": {"app_label": "auth", "model": "permission"}}, {"model": "contenttypes.contenttype", "pk": 3, "fields": {"app_label": "auth", "model": "group"}}, {"model": "contenttypes.contenttype", "pk": 4, "fields": {"app_label": "auth", "model": "user"}}, {"model": "contenttypes.contenttype", "pk": 5, "fields": {"app_label": "contenttypes", "model": "contenttype"}}, {"model": "contenttypes.contenttype", "pk": 6, "fields": {"app_label": "sessions", "model": "session"}}, {"model": "contenttypes.contenttype", "pk": 7, "fields": {"app_label": "accounts", "model": "userprofile"}}, {"model": "contenttypes.contenttype", "pk": 8, "fields": {"app_label": "products", "model": "category"}}, {"model": "contenttypes.contenttype", "pk": 9, "fields": {"app_label": "products", "model": "colorvariant"}}, {"model": "contenttypes.contenttype", "pk": 10, "fields": {"app_label": "products", "model": "product"}}, {"model": "contenttypes.contenttype", "pk": 11, "fields": {"app_label": "products", "model": "sizevariant"}}, {"model": "contenttypes.contenttype", "pk": 12, "fields": {"app_label": "products", "model": "wishlistitem"}}, {"model": "contenttypes.contenttype", "pk": 13, "fields": {"app_label": "products", "model": "productimage"}}, {"model": "contenttypes.contenttype", "pk": 14, "fields": {"app_label": "products", "model": "bag"}}, {"model": "contenttypes.contenttype", "pk": 15, "fields": {"app_label": "accounts", "model": "useradd"}}, {"model": "contenttypes.contenttype", "pk": 16, "fields": {"app_label": "products", "model": "bagitems"}}, {"model": "sessions.session", "pk": "0wy3zi9h1hk7xng78zn3jbz54u0n0c7r", "fields": {"session_data": ".eJxVjMsOwiAQRf-FtSFQ3i7d-w1kYAapGkhKuzL-uzbpQrf3nHNfLMK21rgNWuKM7Mw0O_1uCfKD2g7wDu3Wee5tXebEd4UfdPBrR3peDvfvoMKo39orcD5Q0AlsnhAtaFO8oGIFSYmAUpjigppczkYanaRArdEVK71yUNj7A-otN9g:1r8NBV:9ZmG9DYCy4nyzYwsKTUaAB5OdPo0dbF4V9VHI_3f1H0", "expire_date": "2023-12-13T16:13:09.213Z"}}, {"model": "sessions.session", "pk": "2mj791y056gjx0e5pnmi1jx9mj3qm4wn", "fields": {"session_data": ".eJxVjEEOwiAQRe_C2hDaAUpcuvcMZIYZpGogKe3KeHdt0oVu_3vvv1TEbS1x67LEmdVZDer0uxGmh9Qd8B3rrenU6rrMpHdFH7Tra2N5Xg7376BgL9_aAGXgbAJkMtYEGzw4tgxuoGAmNJx9cl6IyY_ZsyAihJxGssJhSur9AeccOLc:1r8jNa:GQPfCr4EY58ggjHsx70mSBwRvvTmmKxpnjNXg1zo2bQ", "expire_date": "2023-12-14T15:55:06.872Z"}}, {"model": "sessions.session", "pk": "2pkv3zkruapsj97w692lwv7bkntiyux6", "fields": {"session_data": ".eJxVjMsOwiAQRf-FtSFQ3i7d-w1kYAapGkhKuzL-uzbpQrf3nHNfLMK21rgNWuKM7Mw0O_1uCfKD2g7wDu3Wee5tXebEd4UfdPBrR3peDvfvoMKo39orcD5Q0AlsnhAtaFO8oGIFSYmAUpjigppczkYanaRArdEVK71yUNj7A-otN9g:1rBBJH:IWRAHLJWkprkY-_GPeNJSl_rrqdF5XuHXhPqATP_NX4", "expire_date": "2023-12-21T10:08:47.180Z"}}, {"model": "sessions.session", "pk": "339yznjsqvmyhlhazhljw9aiz9kqst96", "fields": {"session_data": ".eJxVjMsOwiAQRf-FtSFQ3i7d-w1kYAapGkhKuzL-uzbpQrf3nHNfLMK21rgNWuKM7Mw0O_1uCfKD2g7wDu3Wee5tXebEd4UfdPBrR3peDvfvoMKo39orcD5Q0AlsnhAtaFO8oGIFSYmAUpjigppczkYanaRArdEVK71yUNj7A-otN9g:1r8Jtw:Wq-VOx4ibKWb8iFUTdjcFUgEa8VPR4QEfTEyngY_UNQ", "expire_date": "2023-12-13T12:42:48.894Z"}}, {"model": "sessions.session", "pk": "34kvq9wdykcigvisrwuvyhc74c8nn5in", "fields": {"session_data": ".eJxVjEEOwiAQAP_C2RBKgQWP3vsGsiwgVQNJaU_GvxuSHvQ6M5k383jsxR89bX6N7MqUZJdfGJCeqQ4TH1jvjVOr-7YGPhJ-2s6XFtPrdrZ_g4K9jG_SEidFFuycSAgjAjqhsiXporGg0SqpIxEIgpxnBGfApigN4ERo2OcL-N835Q:1rHhEy:l3HSifE6Jiujz2b8_9snQSIYKfULoSkeScOWAwdn9Fk", "expire_date": "2024-01-08T09:27:16.972Z"}}, {"model": "sessions.session", "pk": "3df3gshtgldd9enn275oje3jx8uuhbse", "fields": {"session_data": "e30:1r7XgQ:CKi0q_oTiFpnTkUCgV3_LfuQ4yRcn8dCmAO8K3GS0Io", "expire_date": "2023-12-11T09:13:38.594Z"}}, {"model": "sessions.session", "pk": "3y4vgjtd8f91aey44ol17bkfonvut4f1", "fields": {"session_data": ".eJxVjMsOwiAQRf-FtSFQ3i7d-w1kYAapGkhKuzL-uzbpQrf3nHNfLMK21rgNWuKM7Mw0O_1uCfKD2g7wDu3Wee5tXebEd4UfdPBrR3peDvfvoMKo39orcD5Q0AlsnhAtaFO8oGIFSYmAUpjigppczkYanaRArdEVK71yUNj7A-otN9g:1r9Rs9:x6VbrO23PSdrVwIpvWA6Jx1Qb_2qHZRQiQgx4QNtvEg", "expire_date": "2023-12-16T15:25:37.009Z"}}, {"model": "sessions.session", "pk": "4mgcwayj7b8fpknowqsiibqcql1dqfzk", "fields": {"session_data": ".eJxVjMsOwiAQRf-FtSFQ3i7d-w1kYAapGkhKuzL-uzbpQrf3nHNfLMK21rgNWuKM7Mw0O_1uCfKD2g7wDu3Wee5tXebEd4UfdPBrR3peDvfvoMKo39orcD5Q0AlsnhAtaFO8oGIFSYmAUpjigppczkYanaRArdEVK71yUNj7A-otN9g:1r8boH:7VrXiirmCJmWQDjI4xiE2b4eU3J3Gl7NiyzKl_a1PLA", "expire_date": "2023-12-14T07:50:09.561Z"}}, {"model": "sessions.session", "pk": "5cfu0xay5grh3velskxp1t70nyz22ijs", "fields": {"session_data": ".eJxVjEEOwiAQRe_C2hDaAUpcuvcMZIYZpGogKe3KeHdt0oVu_3vvv1TEbS1x67LEmdVZDer0uxGmh9Qd8B3rrenU6rrMpHdFH7Tra2N5Xg7376BgL9_aAGXgbAJkMtYEGzw4tgxuoGAmNJx9cl6IyY_ZsyAihJxGssJhSur9AeccOLc:1r7TgA:dRjj4wAxjsQGdaYLVlXjt5i-83gSShbfrY0mp4Lk3fk", "expire_date": "2023-12-11T04:57:06.754Z"}}, {"model": "sessions.session", "pk": "5dzdqh31zgukk8a32yvwv11y0n0yafbv", "fields": {"session_data": ".eJxVjMsOwiAQRf-FtSFQ3i7d-w1kYAapGkhKuzL-uzbpQrf3nHNfLMK21rgNWuKM7Mw0O_1uCfKD2g7wDu3Wee5tXebEd4UfdPBrR3peDvfvoMKo39orcD5Q0AlsnhAtaFO8oGIFSYmAUpjigppczkYanaRArdEVK71yUNj7A-otN9g:1r82Cx:2zI08ss8nt9yaNBqZvuRdOmzp2jA_oZ8iMHiX9ccyr0", "expire_date": "2023-12-12T17:49:15.931Z"}}, {"model": "sessions.session", "pk": "5s8cxkq0iunqqjhqqij6rminngwczri0", "fields": {"session_data": ".eJxVjMsOwiAQRf-FtSFQ3i7d-w1kYAapGkhKuzL-uzbpQrf3nHNfLMK21rgNWuKM7Mw0O_1uCfKD2g7wDu3Wee5tXebEd4UfdPBrR3peDvfvoMKo39orcD5Q0AlsnhAtaFO8oGIFSYmAUpjigppczkYanaRArdEVK71yUNj7A-otN9g:1r9ULN:83lXtlEMldZPP8PGSFVspw5VM2wUnjQ-NztOZ5aKrog", "expire_date": "2023-12-16T18:03:57.214Z"}}, {"model": "sessions.session", "pk": "6j0dkyz8cttvpfgnn7b4oe3tmgoajaii", "fields": {"session_data": "e30:1r7Xgv:Tzp2N93WkQcU4ITm7kr3ab4naAUm6Rh945qRe6V0MTM", "expire_date": "2023-12-11T09:14:09.016Z"}}, {"model": "sessions.session", "pk": "74xiwq3arq1uqtdjhh9lslrlfz9du66o", "fields": {"session_data": ".eJxVjEEOwiAQRe_C2hDaAUpcuvcMZIYZpGogKe3KeHdt0oVu_3vvv1TEbS1x67LEmdVZDer0uxGmh9Qd8B3rrenU6rrMpHdFH7Tra2N5Xg7376BgL9_aAGXgbAJkMtYEGzw4tgxuoGAmNJx9cl6IyY_ZsyAihJxGssJhSur9AeccOLc:1r6rW4:DiipS8CyZXu5D5d6kxEIU1NabheG8_ITeUy7w8l20iM", "expire_date": "2023-12-09T12:12:08.185Z"}}, {"model": "sessions.session", "pk": "7jik5yoa751rm7mf7hpnd7eimr3e6g8t", "fields": {"session_data": ".eJxVjEEOwiAQRe_C2hDaAUpcuvcMZIYZpGogKe3KeHdt0oVu_3vvv1TEbS1x67LEmdVZDer0uxGmh9Qd8B3rrenU6rrMpHdFH7Tra2N5Xg7376BgL9_aAGXgbAJkMtYEGzw4tgxuoGAmNJx9cl6IyY_ZsyAihJxGssJhSur9AeccOLc:1r8Ogd:Ym5l6ZBUHhQlqZx_2M5G-kA8SWrYJrU4VRabD-ljG6k", "expire_date": "2023-12-13T17:49:23.051Z"}}, {"model": "sessions.session", "pk": "820zwtrhziu18awy5kyko7syrio64xne", "fields": {"session_data": ".eJxVjMsOwiAQRf-FtSFQ3i7d-w1kYAapGkhKuzL-uzbpQrf3nHNfLMK21rgNWuKM7Mw0O_1uCfKD2g7wDu3Wee5tXebEd4UfdPBrR3peDvfvoMKo39orcD5Q0AlsnhAtaFO8oGIFSYmAUpjigppczkYanaRArdEVK71yUNj7A-otN9g:1r8k9i:PFP1hn0FVeJnnkEbWmMuIweksMlqBtJ2YEmQLs2SQCk", "expire_date": "2023-12-14T16:44:50.292Z"}}, {"model": "sessions.session", "pk": "8awe7bu04gchqxihuzf6lufvpt2skcsy", "fields": {"session_data": ".eJxVjMsOwiAQRf-FtSFQ3i7d-w1kYAapGkhKuzL-uzbpQrf3nHNfLMK21rgNWuKM7Mw0O_1uCfKD2g7wDu3Wee5tXebEd4UfdPBrR3peDvfvoMKo39orcD5Q0AlsnhAtaFO8oGIFSYmAUpjigppczkYanaRArdEVK71yUNj7A-otN9g:1rBDL9:55qa6C8ugRg4aCbeKskq9RQn_Vb5D3e6eWF4Mdsl_Bc", "expire_date": "2023-12-21T12:18:51.080Z"}}, {"model": "sessions.session", "pk": "8dx4mqce2a2fewc6k0lemfg42ub2qa3s", "fields": {"session_data": ".eJxVjMsOwiAQRf-FtSFQ3i7d-w1kYAapGkhKuzL-uzbpQrf3nHNfLMK21rgNWuKM7Mw0O_1uCfKD2g7wDu3Wee5tXebEd4UfdPBrR3peDvfvoMKo39orcD5Q0AlsnhAtaFO8oGIFSYmAUpjigppczkYanaRArdEVK71yUNj7A-otN9g:1rCLob:CwXZOGaJ8gj7VHW2biU_-DmjhxbT7f2MhoFx3A8pKdI", "expire_date": "2023-12-24T15:33:57.037Z"}}, {"model": "sessions.session", "pk": "8ne7y7eibwf5xyr3knm8nizc0fl1cw7w", "fields": {"session_data": ".eJxVjMsOwiAQRf-FtSFQ3i7d-w1kYAapGkhKuzL-uzbpQrf3nHNfLMK21rgNWuKM7Mw0O_1uCfKD2g7wDu3Wee5tXebEd4UfdPBrR3peDvfvoMKo39orcD5Q0AlsnhAtaFO8oGIFSYmAUpjigppczkYanaRArdEVK71yUNj7A-otN9g:1r82Dw:11G-b5b4SrAg-zpl8tqmGwDsy1SSDCt_-2J1GjsrEpU", "expire_date": "2023-12-12T17:50:16.023Z"}}, {"model": "sessions.session", "pk": "8r0yxfwrfbn9ootmlwbtvv35xph2e0t0", "fields": {"session_data": ".eJxVjMsOwiAQRf-FtSFQ3i7d-w1kYAapGkhKuzL-uzbpQrf3nHNfLMK21rgNWuKM7Mw0O_1uCfKD2g7wDu3Wee5tXebEd4UfdPBrR3peDvfvoMKo39orcD5Q0AlsnhAtaFO8oGIFSYmAUpjigppczkYanaRArdEVK71yUNj7A-otN9g:1rCCwW:YyIjVHIgsySjqhU-DMCGfBqJInoDvRVY2mtLwry9MV4", "expire_date": "2023-12-24T06:05:32.034Z"}}, {"model": "sessions.session", "pk": "8w238psn1oydvo5f1ly9aaantts5del3", "fields": {"session_data": ".eJxVjDsOwyAQBe9CHSHAfEzK9D4D2mUhOIlAMnYV5e6xJRdJOzPvvVmAbS1h62kJM7ErG9nllyHEZ6qHoAfUe-Ox1XWZkR8JP23nU6P0up3t30GBXva1MxkHwkF474ZExpFFBOHyqG2KWkUFHjDLKBWBQRISIFt0Xtsdisw-XwRNOOs:1rFFNh:SnUIFkxB1KigiinIyTYHA8kQbwGgrQ4F8u-zFTLiS2k", "expire_date": "2024-01-01T15:18:09.961Z"}}, {"model": "sessions.session", "pk": "9ic8dlguiqk18rixnrs3erhvzaxmjort", "fields": {"session_data": ".eJxVjEEOwiAQAP_C2RBKgQWP3vsGsiwgVQNJaU_GvxuSHvQ6M5k383jsxR89bX6N7MqUZJdfGJCeqQ4TH1jvjVOr-7YGPhJ-2s6XFtPrdrZ_g4K9jG_SEidFFuycSAgjAjqhsiXporGg0SqpIxEIgpxnBGfApigN4ERo2OcL-N835Q:1rIstw:_aI_6WmKxYaIRmAbqVByR0ZWyGkINEOMDSdA0eF2NoY", "expire_date": "2024-01-11T16:06:28.818Z"}}, {"model": "sessions.session", "pk": "9jppobbhp1g6d7au8e62c21oy9eyht8b", "fields": {"session_data": ".eJxVjMsOwiAQRf-FtSFQ3i7d-w1kYAapGkhKuzL-uzbpQrf3nHNfLMK21rgNWuKM7Mw0O_1uCfKD2g7wDu3Wee5tXebEd4UfdPBrR3peDvfvoMKo39orcD5Q0AlsnhAtaFO8oGIFSYmAUpjigppczkYanaRArdEVK71yUNj7A-otN9g:1r9l4S:YaSah-pVWlQUHo_J9TzWZILYpmiG_ackBD9Qlrfuw3g", "expire_date": "2023-12-17T11:55:36.278Z"}}, {"model": "sessions.session", "pk": "9lwxgl7j7l46tbew7qxknvrd0dtxf2kv", "fields": {"session_data": ".eJxVjMsOwiAQRf-FtSFQ3i7d-w1kYAapGkhKuzL-uzbpQrf3nHNfLMK21rgNWuKM7Mw0O_1uCfKD2g7wDu3Wee5tXebEd4UfdPBrR3peDvfvoMKo39orcD5Q0AlsnhAtaFO8oGIFSYmAUpjigppczkYanaRArdEVK71yUNj7A-otN9g:1r9gAx:hlWaYgWXO1zPnbHmboQFGk2PFNeZ_vtEykXeoHt56Ko", "expire_date": "2023-12-17T06:41:59.793Z"}}, {"model": "sessions.session", "pk": "a08x4tt5xd5hioimqmz4y2mav6emxkss", "fields": {"session_data": ".eJxVjEEOwiAQRe_C2hDaAUpcuvcMZIYZpGogKe3KeHdt0oVu_3vvv1TEbS1x67LEmdVZDer0uxGmh9Qd8B3rrenU6rrMpHdFH7Tra2N5Xg7376BgL9_aAGXgbAJkMtYEGzw4tgxuoGAmNJx9cl6IyY_ZsyAihJxGssJhSur9AeccOLc:1r7XcZ:Bm3w0_eipZVzxUl-tjB98cn9FhQYiAKq--K6YVequiM", "expire_date": "2023-12-11T09:09:39.403Z"}}, {"model": "sessions.session", "pk": "a4hcwctpf0oab4nhr33z9xqhfyp23hy1", "fields": {"session_data": ".eJxVjMsOwiAQRf-FtSFQ3i7d-w1kYAapGkhKuzL-uzbpQrf3nHNfLMK21rgNWuKM7Mw0O_1uCfKD2g7wDu3Wee5tXebEd4UfdPBrR3peDvfvoMKo39orcD5Q0AlsnhAtaFO8oGIFSYmAUpjigppczkYanaRArdEVK71yUNj7A-otN9g:1r91HS:ziuN3MXtcJQr0Gr3EOjYgtoHbRZMCgZsGQAnAB-eQW0", "expire_date": "2023-12-15T11:01:58.258Z"}}, {"model": "sessions.session", "pk": "a9f3jdit6t9k8jxvagewoks9w431wt38", "fields": {"session_data": "e30:1r7XG3:c7QbIHFB-yGZodDbhTom8eVQ97EhSR10ij-r4DFApSY", "expire_date": "2023-12-11T08:46:23.578Z"}}, {"model": "sessions.session", "pk": "akedx1o2tb1kvy25qd56wgfvlayqyd16", "fields": {"session_data": ".eJxVjMsOwiAQRf-FtSFQ3i7d-w1kYAapGkhKuzL-uzbpQrf3nHNfLMK21rgNWuKM7Mw0O_1uCfKD2g7wDu3Wee5tXebEd4UfdPBrR3peDvfvoMKo39orcD5Q0AlsnhAtaFO8oGIFSYmAUpjigppczkYanaRArdEVK71yUNj7A-otN9g:1r970R:boRwZS3c4dLxmx9tdOu5Avxp56TnlcLrds5a5XuvLaQ", "expire_date": "2023-12-15T17:08:47.617Z"}}, {"model": "sessions.session", "pk": "avyhvz2icbz9wk7o7b0jv77bqna3qpx9", "fields": {"session_data": ".eJxVjEEOwiAQRe_C2hDaAUpcuvcMZIYZpGogKe3KeHdt0oVu_3vvv1TEbS1x67LEmdVZDer0uxGmh9Qd8B3rrenU6rrMpHdFH7Tra2N5Xg7376BgL9_aAGXgbAJkMtYEGzw4tgxuoGAmNJx9cl6IyY_ZsyAihJxGssJhSur9AeccOLc:1rAXqj:TTHbfT67O-2UornX-ctip_jW4Y30v1xpo3U10igGKQg", "expire_date": "2023-12-19T16:00:41.300Z"}}, {"model": "sessions.session", "pk": "birteq0h3za3i8qtc100egc4buan9i7j", "fields": {"session_data": ".eJxVjDsOwjAQBe_iGlmO8W8p6TmDtV6vcQA5UpxUiLuTSCmgnZn33iLiutS4dp7jmMVFGC1OvzAhPbntJj-w3SdJU1vmMck9kYft8jZlfl2P9u-gYq_bGtjqcwrKkw-D1aCHbCA5QOfRJqO9KeQ3Do6DRcuWiwImEwplVADi8wXj2zej:1sJrdy:R_QsDt1PbbQFSIHuxmmDJRIF9Xr0YYDx9xhTtj_RA3A", "expire_date": "2024-07-03T09:30:18.842Z"}}, {"model": "sessions.session", "pk": "bpiaordl8lxtj2toiugmfioebci4ur38", "fields": {"session_data": ".eJxVjMsOwiAQRf-FtSFQ3i7d-w1kYAapGkhKuzL-uzbpQrf3nHNfLMK21rgNWuKM7Mw0O_1uCfKD2g7wDu3Wee5tXebEd4UfdPBrR3peDvfvoMKo39orcD5Q0AlsnhAtaFO8oGIFSYmAUpjigppczkYanaRArdEVK71yUNj7A-otN9g:1r9mqE:Hwc5mVx7VFIigRXNzr_pUXNThSkHK2Ju4q-iv0kbVNU", "expire_date": "2023-12-17T13:49:02.484Z"}}, {"model": "sessions.session", "pk": "bs4lp4mbwnvqqvjqvngi1adxmmfh5tnc", "fields": {"session_data": ".eJxVjEEOwiAQAP_C2RBKgQWP3vsGsiwgVQNJaU_GvxuSHvQ6M5k383jsxR89bX6N7MqUZJdfGJCeqQ4TH1jvjVOr-7YGPhJ-2s6XFtPrdrZ_g4K9jG_SEidFFuycSAgjAjqhsiXporGg0SqpIxEIgpxnBGfApigN4ERo2OcL-N835Q:1rJrba:DF7691MizZlfSVJkg2KXjQ71dYFNlFd_hZH1aw_cbV8", "expire_date": "2024-01-14T08:55:34.447Z"}}, {"model": "sessions.session", "pk": "bwjw3hup6c3wsq6phyfh44raa11h0zpv", "fields": {"session_data": ".eJxVjMsOwiAQRf-FtSFQ3i7d-w1kYAapGkhKuzL-uzbpQrf3nHNfLMK21rgNWuKM7Mw0O_1uCfKD2g7wDu3Wee5tXebEd4UfdPBrR3peDvfvoMKo39orcD5Q0AlsnhAtaFO8oGIFSYmAUpjigppczkYanaRArdEVK71yUNj7A-otN9g:1r80YG:yyvg2ePkF2PZL7gArWvyFIdYV2HWS0OTyZF-XmsLGCE", "expire_date": "2023-12-12T16:03:08.791Z"}}, {"model": "sessions.session", "pk": "d53ffsb7o9mkr9qlve87mu5a5lt6tbx2", "fields": {"session_data": ".eJxVjEEOwiAQRe_C2hDaAUpcuvcMZIYZpGogKe3KeHdt0oVu_3vvv1TEbS1x67LEmdVZDer0uxGmh9Qd8B3rrenU6rrMpHdFH7Tra2N5Xg7376BgL9_aAGXgbAJkMtYEGzw4tgxuoGAmNJx9cl6IyY_ZsyAihJxGssJhSur9AeccOLc:1r6uu0:oYBe0FIp3uw_BJ4dLMx6B05fjyJIJI8iBTPW8rjGiOY", "expire_date": "2023-12-09T15:49:04.657Z"}}, {"model": "sessions.session", "pk": "db8yks50c5hy8falrpxcakc9xwqcb2r5", "fields": {"session_data": ".eJxVjMsOwiAQRf-FtSFQ3i7d-w1kYAapGkhKuzL-uzbpQrf3nHNfLMK21rgNWuKM7Mw0O_1uCfKD2g7wDu3Wee5tXebEd4UfdPBrR3peDvfvoMKo39orcD5Q0AlsnhAtaFO8oGIFSYmAUpjigppczkYanaRArdEVK71yUNj7A-otN9g:1r9knS:MUc9RgrbTor4lNQxbeHzfYcxm2yUPS4lkSLN22BKT54", "expire_date": "2023-12-17T11:38:02.282Z"}}, {"model": "sessions.session", "pk": "e6j0leief9zazrbjfyhgna8va6swuemv", "fields": {"session_data": ".eJxVjMsOwiAQRf-FtSFQ3i7d-w1kYAapGkhKuzL-uzbpQrf3nHNfLMK21rgNWuKM7Mw0O_1uCfKD2g7wDu3Wee5tXebEd4UfdPBrR3peDvfvoMKo39orcD5Q0AlsnhAtaFO8oGIFSYmAUpjigppczkYanaRArdEVK71yUNj7A-otN9g:1rBQkg:EoVLBHMe2I8qHk6tp2K4rPd-ciFNFSjKJOHU4asMh5E", "expire_date": "2023-12-22T02:38:06.328Z"}}, {"model": "sessions.session", "pk": "e7mc6g1pykb74vn0brg23wnq0z83tit3", "fields": {"session_data": ".eJxVjMsOwiAQRf-FtSFQ3i7d-w1kYAapGkhKuzL-uzbpQrf3nHNfLMK21rgNWuKM7Mw0O_1uCfKD2g7wDu3Wee5tXebEd4UfdPBrR3peDvfvoMKo39orcD5Q0AlsnhAtaFO8oGIFSYmAUpjigppczkYanaRArdEVK71yUNj7A-otN9g:1r9Sve:Rte-JpdFLsAHef5AdoBQJIHWrjvEG1mtr80pAbz4PAk", "expire_date": "2023-12-16T16:33:18.650Z"}}, {"model": "sessions.session", "pk": "e9q9k0mak4bcg23ily1hfdkt2h43jjwq", "fields": {"session_data": ".eJxVjMsOwiAQRf-FtSFQ3i7d-w1kYAapGkhKuzL-uzbpQrf3nHNfLMK21rgNWuKM7Mw0O_1uCfKD2g7wDu3Wee5tXebEd4UfdPBrR3peDvfvoMKo39orcD5Q0AlsnhAtaFO8oGIFSYmAUpjigppczkYanaRArdEVK71yUNj7A-otN9g:1r9UW9:zCj7NW9l5teN1Awf4k4vbUN3t0FVqYfuVWiwxNMQfFI", "expire_date": "2023-12-16T18:15:05.804Z"}}, {"model": "sessions.session", "pk": "ee3ctrol0k6y4xd01fvsc685ijupm8ou", "fields": {"session_data": "e30:1r7Xfx:QdfxWYFhFz4MKdrjpJqesSfcMLDpXhH9KD_rIVeHw0s", "expire_date": "2023-12-11T09:13:09.114Z"}}, {"model": "sessions.session", "pk": "esakijzal11z9s3fsqjtpwyoc2llmads", "fields": {"session_data": ".eJxVjMsOwiAQRf-FtSFQ3i7d-w1kYAapGkhKuzL-uzbpQrf3nHNfLMK21rgNWuKM7Mw0O_1uCfKD2g7wDu3Wee5tXebEd4UfdPBrR3peDvfvoMKo39orcD5Q0AlsnhAtaFO8oGIFSYmAUpjigppczkYanaRArdEVK71yUNj7A-otN9g:1r96jW:oU9uUUP1PELUlXTAZbvH4DEAuZ_-1inX8dQzgkozQqg", "expire_date": "2023-12-15T16:51:18.674Z"}}, {"model": "sessions.session", "pk": "fb9uob3dnmfaw4go0qdr74jd7stcpj24", "fields": {"session_data": ".eJxVjEEOwiAQAP_C2RBKgQWP3vsGsiwgVQNJaU_GvxuSHvQ6M5k383jsxR89bX6N7MqUZJdfGJCeqQ4TH1jvjVOr-7YGPhJ-2s6XFtPrdrZ_g4K9jG_SEidFFuycSAgjAjqhsiXporGg0SqpIxEIgpxnBGfApigN4ERo2OcL-N835Q:1rJSJS:6rXlumKXwJYl0baU0TENNnq-_Qs5iMfVvhmGTd49rCE", "expire_date": "2024-01-13T05:55:10.796Z"}}, {"model": "sessions.session", "pk": "g7cyql76kpfjsbz1ph8855u1b7s8um5t", "fields": {"session_data": "e30:1r7XHC:nZZa0_85KVsw23C8J7QldPH3-sJOQt_ZLtCo7arFwwk", "expire_date": "2023-12-11T08:47:34.648Z"}}, {"model": "sessions.session", "pk": "gr755o6990crkukmy94gnxrrhe1o9q7v", "fields": {"session_data": ".eJxVjMsOwiAQRf-FtSFQ3i7d-w1kYAapGkhKuzL-uzbpQrf3nHNfLMK21rgNWuKM7Mw0O_1uCfKD2g7wDu3Wee5tXebEd4UfdPBrR3peDvfvoMKo39orcD5Q0AlsnhAtaFO8oGIFSYmAUpjigppczkYanaRArdEVK71yUNj7A-otN9g:1r9TOp:8UgQn4Pnd6pPVxJ2Uo5cxGEUEyaqCWccyaOK7UZrnNA", "expire_date": "2023-12-16T17:03:27.299Z"}}, {"model": "sessions.session", "pk": "gyn5dwit3csa64wp1yswex4qbcjhaxqi", "fields": {"session_data": ".eJxVjMsOwiAQRf-FtSFQ3i7d-w1kYAapGkhKuzL-uzbpQrf3nHNfLMK21rgNWuKM7Mw0O_1uCfKD2g7wDu3Wee5tXebEd4UfdPBrR3peDvfvoMKo39orcD5Q0AlsnhAtaFO8oGIFSYmAUpjigppczkYanaRArdEVK71yUNj7A-otN9g:1r9Rq3:MHqUiqrQd37-UrRSKWgdDJyxCvEGAbfLCNdMRDNdgAQ", "expire_date": "2023-12-16T15:23:27.846Z"}}, {"model": "sessions.session", "pk": "imweb0q7mgj2eb9ib8wc0je3g4aozgt0", "fields": {"session_data": ".eJxVjEEOwiAQRe_C2hCkUMCl-56BMDOMVA0kpV0Z765NutDtf-_9l4hpW0vcel7iTOIirDj9bpDwkesO6J7qrUlsdV1mkLsiD9rl1Cg_r4f7d1BSL986BACvGINjzUGDJQdIAyti52FwnlgZ68_GBU8aRsXWIqSUMeTRoBPvDwJZOLk:1r8aQf:AnlNiNMy3_4R7Eu1qomSE0cMQcmAu-yynpQLbFUAX_0", "expire_date": "2023-12-14T06:21:41.070Z"}}, {"model": "sessions.session", "pk": "ke9ysy0y7vockq3zqnhflrb3vco1b5o0", "fields": {"session_data": ".eJxVjEEOwiAQAP_C2RBKgQWP3vsGsiwgVQNJaU_GvxuSHvQ6M5k383jsxR89bX6N7MqUZJdfGJCeqQ4TH1jvjVOr-7YGPhJ-2s6XFtPrdrZ_g4K9jG_SEidFFuycSAgjAjqhsiXporGg0SqpIxEIgpxnBGfApigN4ERo2OcL-N835Q:1rJSLl:_XBoZQHOoLfnj0FY-8ArUDKfsP-WIcfbKXiwY79sfIQ", "expire_date": "2024-01-13T05:57:33.877Z"}}, {"model": "sessions.session", "pk": "kj5ffllzzy1cdf0f623uvalj5mvk860n", "fields": {"session_data": ".eJxVjEEOwiAQRe_C2hDaAUpcuvcMZIYZpGogKe3KeHdt0oVu_3vvv1TEbS1x67LEmdVZDer0uxGmh9Qd8B3rrenU6rrMpHdFH7Tra2N5Xg7376BgL9_aAGXgbAJkMtYEGzw4tgxuoGAmNJx9cl6IyY_ZsyAihJxGssJhSur9AeccOLc:1rCObB:VbwoZL2z3rHIeWbE2XgOmsUkpQ4tfU02v11rk-7U4fY", "expire_date": "2023-12-24T18:32:17.846Z"}}, {"model": "sessions.session", "pk": "l9rq6b3eyxk1i7sgdsd23kd5nbr9esus", "fields": {"session_data": ".eJxVjMsOwiAQRf-FtSFQ3i7d-w1kYAapGkhKuzL-uzbpQrf3nHNfLMK21rgNWuKM7Mw0O_1uCfKD2g7wDu3Wee5tXebEd4UfdPBrR3peDvfvoMKo39orcD5Q0AlsnhAtaFO8oGIFSYmAUpjigppczkYanaRArdEVK71yUNj7A-otN9g:1r9mp6:azT151gxNRyHsGnZ4YqCnY3h5aIH1Pmz-oX7c0tuxoE", "expire_date": "2023-12-17T13:47:52.357Z"}}, {"model": "sessions.session", "pk": "lfhd6lnq3rgyyojur817t0f76vfrn5xj", "fields": {"session_data": ".eJxVjEEOwiAQRe_C2hDaAUpcuvcMZIYZpGogKe3KeHdt0oVu_3vvv1TEbS1x67LEmdVZDer0uxGmh9Qd8B3rrenU6rrMpHdFH7Tra2N5Xg7376BgL9_aAGXgbAJkMtYEGzw4tgxuoGAmNJx9cl6IyY_ZsyAihJxGssJhSur9AeccOLc:1r7DrH:lNs7QVSGlSTNSirt1DCdOJv68NnpSD6Da-DqHn3RLhU", "expire_date": "2023-12-10T12:03:31.959Z"}}, {"model": "sessions.session", "pk": "lojpjzu943e24w2dxf5gop759p4dsndw", "fields": {"session_data": ".eJxVjDsOwyAQBe9CHSHAfEzK9D4D2mUhOIlAMnYV5e6xJRdJOzPvvVmAbS1h62kJM7ErG9nllyHEZ6qHoAfUe-Ox1XWZkR8JP23nU6P0up3t30GBXva1MxkHwkF474ZExpFFBOHyqG2KWkUFHjDLKBWBQRISIFt0Xtsdisw-XwRNOOs:1rGCWY:eQpopFDESZPC7hnGAS3Ya2p1F9mUuWNXsxuaHB4yK0U", "expire_date": "2024-01-04T06:27:14.734Z"}}, {"model": "sessions.session", "pk": "mbd9k3rt6epnzeeioghu8unwpnxpucbh", "fields": {"session_data": ".eJxVjEEOwiAQRe_C2hDaAUpcuvcMZIYZpGogKe3KeHdt0oVu_3vvv1TEbS1x67LEmdVZDer0uxGmh9Qd8B3rrenU6rrMpHdFH7Tra2N5Xg7376BgL9_aAGXgbAJkMtYEGzw4tgxuoGAmNJx9cl6IyY_ZsyAihJxGssJhSur9AeccOLc:1r9j6w:zUxDYjM3bxxiJuk6_GIMxfpk7xSHXGOPmtFKzh81l4U", "expire_date": "2023-12-17T09:50:02.765Z"}}, {"model": "sessions.session", "pk": "n1mmp27ncdzwtxj1195y976jbhd2iv1k", "fields": {"session_data": ".eJxVjEEOwiAQRe_C2hDaAUpcuvcMZIYZpGogKe3KeHdt0oVu_3vvv1TEbS1x67LEmdVZDer0uxGmh9Qd8B3rrenU6rrMpHdFH7Tra2N5Xg7376BgL9_aAGXgbAJkMtYEGzw4tgxuoGAmNJx9cl6IyY_ZsyAihJxGssJhSur9AeccOLc:1r7XLP:joiklyA8SX_SOUcNGBZqxvPG3juQVjafzL-S6IYqUWU", "expire_date": "2023-12-11T08:51:55.082Z"}}, {"model": "sessions.session", "pk": "n83a3f5tq3wo87a19f0ormli6wbwb6s1", "fields": {"session_data": ".eJxVjEEOwiAQAP_C2RBKgQWP3vsGsiwgVQNJaU_GvxuSHvQ6M5k383jsxR89bX6N7MqUZJdfGJCeqQ4TH1jvjVOr-7YGPhJ-2s6XFtPrdrZ_g4K9jG_SEidFFuycSAgjAjqhsiXporGg0SqpIxEIgpxnBGfApigN4ERo2OcL-N835Q:1rHRvA:dq6ppzpDuKU5Pqhfaa_7idBpimfcBEzcRFjPjLVIomY", "expire_date": "2024-01-07T17:05:48.842Z"}}, {"model": "sessions.session", "pk": "napu24mc9nmzm7rfnv4eyxk860okii9k", "fields": {"session_data": ".eJxVjEEOwiAQRe_C2hDaAUpcuvcMZIYZpGogKe3KeHdt0oVu_3vvv1TEbS1x67LEmdVZDer0uxGmh9Qd8B3rrenU6rrMpHdFH7Tra2N5Xg7376BgL9_aAGXgbAJkMtYEGzw4tgxuoGAmNJx9cl6IyY_ZsyAihJxGssJhSur9AeccOLc:1r7s6R:ifsBwBGJTyIFnSIH6c9W0Ma5gXYKhi9AHJRvGwvsvOg", "expire_date": "2023-12-12T07:01:51.478Z"}}, {"model": "sessions.session", "pk": "ndmwbhwdykh5f9gs5ag4hps66bz0dbh2", "fields": {"session_data": ".eJxVjMsOwiAQRf-FtSFQ3i7d-w1kYAapGkhKuzL-uzbpQrf3nHNfLMK21rgNWuKM7Mw0O_1uCfKD2g7wDu3Wee5tXebEd4UfdPBrR3peDvfvoMKo39orcD5Q0AlsnhAtaFO8oGIFSYmAUpjigppczkYanaRArdEVK71yUNj7A-otN9g:1rBDGV:Mp7iWtdeoxlmdcK_yJvOHNnwf0l0rJd0M_qh9gwLiQY", "expire_date": "2023-12-21T12:14:03.566Z"}}, {"model": "sessions.session", "pk": "nr5n2pzx3i0zctcrvkcrw5jyho836lcn", "fields": {"session_data": ".eJxVjMsOwiAQRf-FtSFQ3i7d-w1kYAapGkhKuzL-uzbpQrf3nHNfLMK21rgNWuKM7Mw0O_1uCfKD2g7wDu3Wee5tXebEd4UfdPBrR3peDvfvoMKo39orcD5Q0AlsnhAtaFO8oGIFSYmAUpjigppczkYanaRArdEVK71yUNj7A-otN9g:1r91Th:rcl_JcxRsKFptVoq9O0zVm6AdDsqfiT6eGYzkadOPFs", "expire_date": "2023-12-15T11:14:37.649Z"}}, {"model": "sessions.session", "pk": "oas36sjop4tfpyaatdvoisdiz6en5zs5", "fields": {"session_data": ".eJxVjMsOwiAQRf-FtSE8Zii4dO83EIaHVA0kpV0Z_12bdKHbe865L-bDtla_jbz4ObEzA8VOvyOF-MhtJ-ke2q3z2Nu6zMR3hR908GtP-Xk53L-DGkb91oQTULECnDBWOSoGYwlEKNBIiJN2FmIRkkhohUYFFZ00gJhVStoW9v4A9B83dg:1reA0S:90ppHXw0hiDTgrgEO275Vbzna7ICCc2mzNTX1ISgyc4", "expire_date": "2024-03-10T08:37:08.789Z"}}, {"model": "sessions.session", "pk": "p8pa0ehvqd2q273ndbczy1051h9eamal", "fields": {"session_data": ".eJxVjMsOwiAQRf-FtSFQ3i7d-w1kYAapGkhKuzL-uzbpQrf3nHNfLMK21rgNWuKM7Mw0O_1uCfKD2g7wDu3Wee5tXebEd4UfdPBrR3peDvfvoMKo39orcD5Q0AlsnhAtaFO8oGIFSYmAUpjigppczkYanaRArdEVK71yUNj7A-otN9g:1rCGKv:Sat1Bq9-gf85zpwju82TyVj9kNEb8yloIpDP1BRGnLY", "expire_date": "2023-12-24T09:42:57.625Z"}}, {"model": "sessions.session", "pk": "q394v0ajwut3j80arkaiu2vczu014o0f", "fields": {"session_data": ".eJxVjMsOwiAQRf-FtSFQ3i7d-w1kYAapGkhKuzL-uzbpQrf3nHNfLMK21rgNWuKM7Mw0O_1uCfKD2g7wDu3Wee5tXebEd4UfdPBrR3peDvfvoMKo39orcD5Q0AlsnhAtaFO8oGIFSYmAUpjigppczkYanaRArdEVK71yUNj7A-otN9g:1r9lJe:vXmyS6flbM8CAp1vRjEXibQTaeB8IANJOJAvgL5NAwo", "expire_date": "2023-12-17T12:11:18.186Z"}}, {"model": "sessions.session", "pk": "q5d7k45e7wugi4qz8me08xw0jjk09fe8", "fields": {"session_data": ".eJxVjMsOwiAQRf-FtSFQ3i7d-w1kYAapGkhKuzL-uzbpQrf3nHNfLMK21rgNWuKM7Mw0O_1uCfKD2g7wDu3Wee5tXebEd4UfdPBrR3peDvfvoMKo39orcD5Q0AlsnhAtaFO8oGIFSYmAUpjigppczkYanaRArdEVK71yUNj7A-otN9g:1r96xK:fgNGQ9sqZL1_WEoJHpaIA3YrK1pkw7Mm8oKAy_Lhwc4", "expire_date": "2023-12-15T17:05:34.755Z"}}, {"model": "sessions.session", "pk": "qlk7z04qhyon75zakzbi451x6plfoj01", "fields": {"session_data": ".eJxVjMsOwiAQRf-FtSFQ3i7d-w1kYAapGkhKuzL-uzbpQrf3nHNfLMK21rgNWuKM7Mw0O_1uCfKD2g7wDu3Wee5tXebEd4UfdPBrR3peDvfvoMKo39orcD5Q0AlsnhAtaFO8oGIFSYmAUpjigppczkYanaRArdEVK71yUNj7A-otN9g:1r82VB:UgF8dQBBrFGgygebHz19qBOHBxfBBYJO5pmMkhLApkE", "expire_date": "2023-12-12T18:08:05.483Z"}}, {"model": "sessions.session", "pk": "qsam0gwm9vce9phtcrhs2gkj6ief512h", "fields": {"session_data": ".eJxVjDsOwjAQBe_iGlmO8W8p6TmDtV6vcQA5UpxUiLuTSCmgnZn33iLiutS4dp7jmMVFGC1OvzAhPbntJj-w3SdJU1vmMck9kYft8jZlfl2P9u-gYq_bGtjqcwrKkw-D1aCHbCA5QOfRJqO9KeQ3Do6DRcuWiwImEwplVADi8wXj2zej:1sHgPT:0uzMb3oHa3k9CQyfXIiBYvaovir2_yswV0xSOSuWPwk", "expire_date": "2024-06-27T09:06:19.408Z"}}, {"model": "sessions.session", "pk": "qslkkshuc6t0vsp1u1pa2a7545t2b60s", "fields": {"session_data": ".eJxVjMsOwiAQRf-FtSFQ3i7d-w1kYAapGkhKuzL-uzbpQrf3nHNfLMK21rgNWuKM7Mw0O_1uCfKD2g7wDu3Wee5tXebEd4UfdPBrR3peDvfvoMKo39orcD5Q0AlsnhAtaFO8oGIFSYmAUpjigppczkYanaRArdEVK71yUNj7A-otN9g:1rBFbt:ME3Y06x2HhWrNLLbxTgEEotn3Ql6G5XqRgGq48GRX48", "expire_date": "2023-12-21T14:44:17.667Z"}}, {"model": "sessions.session", "pk": "rd8oq9zufd39rooa66yx3ukky2c3qqqp", "fields": {"session_data": ".eJxVjDsOwjAQBe_iGlmO8W8p6TmDtV6vcQA5UpxUiLuTSCmgnZn33iLiutS4dp7jmMVFGC1OvzAhPbntJj-w3SdJU1vmMck9kYft8jZlfl2P9u-gYq_bGtjqcwrKkw-D1aCHbCA5QOfRJqO9KeQ3Do6DRcuWiwImEwplVADi8wXj2zej:1sJCSe:JgVJKXoIzPxMOhed_LCkRQAa3bq5225fdStfrSnztSs", "expire_date": "2024-07-01T13:31:52.977Z"}}, {"model": "sessions.session", "pk": "rd8z2841pagj2u54ux99iyxaal5k0onl", "fields": {"session_data": ".eJxVjDsOwyAQBe9CHSHAfEzK9D4D2mUhOIlAMnYV5e6xJRdJOzPvvVmAbS1h62kJM7ErG9nllyHEZ6qHoAfUe-Ox1XWZkR8JP23nU6P0up3t30GBXva1MxkHwkF474ZExpFFBOHyqG2KWkUFHjDLKBWBQRISIFt0Xtsdisw-XwRNOOs:1rGila:WQvMTuLZB0ow9RTllpW6BRpBteWlumS-QB71g7aV4qs", "expire_date": "2024-01-05T16:52:54.056Z"}}, {"model": "sessions.session", "pk": "rhuc8iuq60obi3yjeqbxbtasx4x9fseb", "fields": {"session_data": ".eJxVjMsOwiAQRf-FtSFQ3i7d-w1kYAapGkhKuzL-uzbpQrf3nHNfLMK21rgNWuKM7Mw0O_1uCfKD2g7wDu3Wee5tXebEd4UfdPBrR3peDvfvoMKo39orcD5Q0AlsnhAtaFO8oGIFSYmAUpjigppczkYanaRArdEVK71yUNj7A-otN9g:1r9pHE:1Pz0NFis-H2kF7rfWQ3OoI1UVsCFzZ8wf2jOd-ovCZk", "expire_date": "2023-12-17T16:25:04.918Z"}}, {"model": "sessions.session", "pk": "rig98vqv5hkuorswp1v3fo0k3n74vhqr", "fields": {"session_data": ".eJxVjMsOwiAQRf-FtSFQ3i7d-w1kYAapGkhKuzL-uzbpQrf3nHNfLMK21rgNWuKM7Mw0O_1uCfKD2g7wDu3Wee5tXebEd4UfdPBrR3peDvfvoMKo39orcD5Q0AlsnhAtaFO8oGIFSYmAUpjigppczkYanaRArdEVK71yUNj7A-otN9g:1r7bKv:UqeI3YRVZlrJcwUyCvWuIPhKilc-pzRQA1aiETVjOOU", "expire_date": "2023-12-11T13:07:41.071Z"}}, {"model": "sessions.session", "pk": "rm3w849efkjv3g82liylz9yx7scntgj6", "fields": {"session_data": ".eJxVjMsOwiAQRf-FtSFQ3i7d-w1kYAapGkhKuzL-uzbpQrf3nHNfLMK21rgNWuKM7Mw0O_1uCfKD2g7wDu3Wee5tXebEd4UfdPBrR3peDvfvoMKo39orcD5Q0AlsnhAtaFO8oGIFSYmAUpjigppczkYanaRArdEVK71yUNj7A-otN9g:1r9Vdb:ZPlRswTuPx3WqhhG9TKl0NQcxPglzACl3Gl2u0Z2s9I", "expire_date": "2023-12-16T19:26:51.076Z"}}, {"model": "sessions.session", "pk": "rvdjskwfuhoy20ve3aspwgg0cvn8kywn", "fields": {"session_data": ".eJxVjMsOwiAQRf-FtSFQ3i7d-w1kYAapGkhKuzL-uzbpQrf3nHNfLMK21rgNWuKM7Mw0O_1uCfKD2g7wDu3Wee5tXebEd4UfdPBrR3peDvfvoMKo39orcD5Q0AlsnhAtaFO8oGIFSYmAUpjigppczkYanaRArdEVK71yUNj7A-otN9g:1rBEFl:QRAAlADPpxByueOjfycamb17SXgt13_tI0Ab7IRCwx0", "expire_date": "2023-12-21T13:17:21.582Z"}}, {"model": "sessions.session", "pk": "sg9wt1fmk6usqkafheuygxaec4n798i1", "fields": {"session_data": ".eJxVjMsOwiAQRf-FtSFQ3i7d-w1kYAapGkhKuzL-uzbpQrf3nHNfLMK21rgNWuKM7Mw0O_1uCfKD2g7wDu3Wee5tXebEd4UfdPBrR3peDvfvoMKo39orcD5Q0AlsnhAtaFO8oGIFSYmAUpjigppczkYanaRArdEVK71yUNj7A-otN9g:1r9IE7:OSplN_-WrWBtYVaOoKmhr8RYX6obWJgyUimY5PHIWwQ", "expire_date": "2023-12-16T05:07:39.408Z"}}, {"model": "sessions.session", "pk": "uve2wwkdkunvzk7cr6qfnrrh98lfy2l7", "fields": {"session_data": ".eJxVjMsOwiAQRf-FtSFQ3i7d-w1kYAapGkhKuzL-uzbpQrf3nHNfLMK21rgNWuKM7Mw0O_1uCfKD2g7wDu3Wee5tXebEd4UfdPBrR3peDvfvoMKo39orcD5Q0AlsnhAtaFO8oGIFSYmAUpjigppczkYanaRArdEVK71yUNj7A-otN9g:1r9JSQ:Jw7UUkKr3UU72fuqXzjwZwYdIUNguv2APo4pfNjiIkQ", "expire_date": "2023-12-16T06:26:30.255Z"}}, {"model": "sessions.session", "pk": "vhhfo9bhwv4uyi37rl87e4h2kbdnwsy9", "fields": {"session_data": ".eJxVjEEOwiAQAP_C2RBKgQWP3vsGsiwgVQNJaU_GvxuSHvQ6M5k383jsxR89bX6N7MqUZJdfGJCeqQ4TH1jvjVOr-7YGPhJ-2s6XFtPrdrZ_g4K9jG_SEidFFuycSAgjAjqhsiXporGg0SqpIxEIgpxnBGfApigN4ERo2OcL-N835Q:1rIqL5:qRXRcluoohjnB52OyNGdAjUHGzZbnly4sYnTt-Sd_-w", "expire_date": "2024-01-11T13:22:19.075Z"}}, {"model": "sessions.session", "pk": "vig7u7nqhg0ejep7ymj9seuf5i6zb88i", "fields": {"session_data": ".eJxVjEEOwiAQRe_C2hDaAUpcuvcMZIYZpGogKe3KeHdt0oVu_3vvv1TEbS1x67LEmdVZDer0uxGmh9Qd8B3rrenU6rrMpHdFH7Tra2N5Xg7376BgL9_aAGXgbAJkMtYEGzw4tgxuoGAmNJx9cl6IyY_ZsyAihJxGssJhSur9AeccOLc:1r8Mri:dwACJzJmZ7EUhYxwnIUaaM5M7E2FyQZX8aUnIsww9YA", "expire_date": "2023-12-13T15:52:42.108Z"}}, {"model": "sessions.session", "pk": "vudxa2hmpjshi3bxmwrkv9mbjgle7yja", "fields": {"session_data": ".eJxVjEEOwiAQAP_C2RBKgQWP3vsGsiwgVQNJaU_GvxuSHvQ6M5k383jsxR89bX6N7MqUZJdfGJCeqQ4TH1jvjVOr-7YGPhJ-2s6XFtPrdrZ_g4K9jG_SEidFFuycSAgjAjqhsiXporGg0SqpIxEIgpxnBGfApigN4ERo2OcL-N835Q:1rHpTz:MrcSOeWye5tWHKDyC3g7iFbyEFyozJfMAyZ4pUjz3Dg", "expire_date": "2024-01-08T18:15:19.573Z"}}, {"model": "sessions.session", "pk": "wxzez4sjtc71ru9ui88p1jg6ek6ii1se", "fields": {"session_data": ".eJxVjEEOwiAQAP_C2RBKgQWP3vsGsiwgVQNJaU_GvxuSHvQ6M5k383jsxR89bX6N7MqUZJdfGJCeqQ4TH1jvjVOr-7YGPhJ-2s6XFtPrdrZ_g4K9jG_SEidFFuycSAgjAjqhsiXporGg0SqpIxEIgpxnBGfApigN4ERo2OcL-N835Q:1rdTOK:X0gGnTcU4MwcrDWz5B6-xH00Go-IIiBjbmjDWQZAsks", "expire_date": "2024-03-08T11:06:56.880Z"}}, {"model": "sessions.session", "pk": "xn9ilsdgwf7cgmf2k0f1jj9vw49wpqb1", "fields": {"session_data": ".eJxVjDsOwyAQBe9CHSHAfEzK9D4D2mUhOIlAMnYV5e6xJRdJOzPvvVmAbS1h62kJM7ErG9nllyHEZ6qHoAfUe-Ox1XWZkR8JP23nU6P0up3t30GBXva1MxkHwkF474ZExpFFBOHyqG2KWkUFHjDLKBWBQRISIFt0Xtsdisw-XwRNOOs:1rGkg2:q3_t4bybuF_j6toD8Bo18j3Z0RbhNdgTktP6RpKZtSc", "expire_date": "2024-01-05T18:55:18.406Z"}}, {"model": "sessions.session", "pk": "y03ythhnrnf9jf1p3krc083xkaa1k31a", "fields": {"session_data": ".eJxVjMsOwiAQRf-FtSFQ3i7d-w1kYAapGkhKuzL-uzbpQrf3nHNfLMK21rgNWuKM7Mw0O_1uCfKD2g7wDu3Wee5tXebEd4UfdPBrR3peDvfvoMKo39orcD5Q0AlsnhAtaFO8oGIFSYmAUpjigppczkYanaRArdEVK71yUNj7A-otN9g:1r9fmh:nnBrq4Y9sG7xXj-ejjBOIwU51J8l0cLvDj5f1dyV2ms", "expire_date": "2023-12-17T06:16:55.661Z"}}, {"model": "sessions.session", "pk": "ybx3pzzlp2cc8w7wn0idoetpl8lgd335", "fields": {"session_data": ".eJxVjEEOwiAQRe_C2hDaAUpcuvcMZIYZpGogKe3KeHdt0oVu_3vvv1TEbS1x67LEmdVZDer0uxGmh9Qd8B3rrenU6rrMpHdFH7Tra2N5Xg7376BgL9_aAGXgbAJkMtYEGzw4tgxuoGAmNJx9cl6IyY_ZsyAihJxGssJhSur9AeccOLc:1rBROt:__pfjqU9uAloVa5ZnKoAvtP3__CXAlWwB3xHGOqrc4Q", "expire_date": "2023-12-22T03:19:39.008Z"}}, {"model": "sessions.session", "pk": "yyc0f7fx3avbq93biluiymkjvz2ykfe6", "fields": {"session_data": ".eJxVjEEOwiAQRe_C2hDaAUpcuvcMZIYZpGogKe3KeHdt0oVu_3vvv1TEbS1x67LEmdVZDer0uxGmh9Qd8B3rrenU6rrMpHdFH7Tra2N5Xg7376BgL9_aAGXgbAJkMtYEGzw4tgxuoGAmNJx9cl6IyY_ZsyAihJxGssJhSur9AeccOLc:1r7Df2:poeq0gEWGgJKOXNBywdQfUdK_X8RZ0tjCr9CQfinDyg", "expire_date": "2023-12-10T11:50:52.828Z"}}, {"model": "sessions.session", "pk": "z1nxyko818mg4y2x2nmalhu8l40b1q9b", "fields": {"session_data": ".eJxVjMsOwiAQRf-FtSFQ3i7d-w1kYAapGkhKuzL-uzbpQrf3nHNfLMK21rgNWuKM7Mw0O_1uCfKD2g7wDu3Wee5tXebEd4UfdPBrR3peDvfvoMKo39orcD5Q0AlsnhAtaFO8oGIFSYmAUpjigppczkYanaRArdEVK71yUNj7A-otN9g:1rDmdm:9e75G9ba9u-6jhPwgs757UfKDtzJZle8Jhnl65S162E", "expire_date": "2023-12-28T14:24:42.654Z"}}, {"model": "sessions.session", "pk": "zmz4pucouq64876hfy84du0k7s3ftcad", "fields": {"session_data": ".eJxVjMsOwiAQRf-FtSFQ3i7d-w1kYAapGkhKuzL-uzbpQrf3nHNfLMK21rgNWuKM7Mw0O_1uCfKD2g7wDu3Wee5tXebEd4UfdPBrR3peDvfvoMKo39orcD5Q0AlsnhAtaFO8oGIFSYmAUpjigppczkYanaRArdEVK71yUNj7A-otN9g:1rA4Ab:OtEQBuvQRjB9Zd0dEB0dEPvNnnlphJGuGHzzpfRF8Dk", "expire_date": "2023-12-18T08:19:13.102Z"}}, {"model": "accounts.userprofile", "pk": "7cfd2f16-a07e-49ad-ab35-e156eddd7e6f", "fields": {"created_at": "2023-12-15T13:06:52.438Z", "updated_at": "2023-12-15T13:00:14.797Z", "user": 39, "mobile": 4541655664, "gender": "FEMALE", "is_email_verified": true, "email_token": "c1046fde-112f-430d-9288-c3311d685d46"}}, {"model": "accounts.userprofile", "pk": "ee744827-66af-4752-85ec-38ebbbfc3cef", "fields": {"created_at": "2023-12-23T14:14:09.810Z", "updated_at": "2023-12-23T14:13:24.475Z", "user": 42, "mobile": 9624624788, "gender": "male", "is_email_verified": true, "email_token": "e1606a30-be61-46d4-8353-92b263a6fa24"}}, {"model": "accounts.useradd", "pk": "65909ec9-22c9-49d2-bc85-7fc3d01fdc5a", "fields": {"created_at": "2023-12-20T15:33:33.704Z", "updated_at": "2023-12-20T15:33:33.683Z", "user": 8, "full_name": "vinitm", "addressline1": "dsnnsks", "addressline2": "vav surat", "pincode": 445555, "city": "surat", "state": "yisaghbsksnak"}}, {"model": "accounts.useradd", "pk": "69d7fc9e-789a-45ad-8dbe-ba9ee0319214", "fields": {"created_at": "2023-12-23T14:23:15.326Z", "updated_at": "2023-12-23T14:23:15.323Z", "user": 42, "full_name": "vinit m", "addressline1": "12 haridham row house , jokha road", "addressline2": "vav,kamrej", "pincode": 394326, "city": "surat", "state": "gujarat"}}, {"model": "products.category", "pk": "250115ee-2e7e-48d0-8d30-01f55b21f768", "fields": {"created_at": "2023-11-26T11:53:37.773Z", "updated_at": "2023-11-26T11:52:19.936Z", "category_name": "sweatshirts", "slogen": "sweatshirts", "background_image": "images/categories/clearoff_3.webp", "second_image": "", "slug": "sweatshirts", "link_path": "sweatshirts"}}, {"model": "products.category", "pk": "b3ee9af6-c53f-40d4-b5a5-47aec783250f", "fields": {"created_at": "2023-11-28T07:03:30.547Z", "updated_at": "2023-11-25T15:39:04.618Z", "category_name": "Casual Collection", "slogen": "casual collection", "background_image": "images/categories/snapedit_1700080092947.webp", "second_image": "images/second_background/b844b3f2-d0ec-49c6-bd91-7b8ff84c8dc3.png", "slug": "casual-collection", "link_path": "casual-collection"}}, {"model": "products.category", "pk": "b71d2ac9-7723-4e2a-b524-42e3d93cc3ae", "fields": {"created_at": "2023-12-06T16:10:41.334Z", "updated_at": "2023-11-27T04:57:55.602Z", "category_name": "hoodies", "slogen": "hoodies", "background_image": "images/categories/a0404af8-cce7-4fa1-bff2-4355f53b00f1_hsAn56U.png", "second_image": "", "slug": "hoodies", "link_path": "hoodies"}}, {"model": "products.sizevariant", "pk": "07eb4f7c-ff0f-4d93-b50e-e3b10c214370", "fields": {"created_at": "2023-12-10T18:33:44.489Z", "updated_at": "2023-12-10T18:33:44.489Z", "size_name": "S", "price": 0, "uuid": "0398e12f-68e5-4ce4-a0cd-0bdc419344f9"}}, {"model": "products.sizevariant", "pk": "0bf97804-48d5-4a8a-ad38-5393ff2039f3", "fields": {"created_at": "2023-12-05T16:02:18.650Z", "updated_at": "2023-12-05T16:02:18.650Z", "size_name": "M", "price": 0, "uuid": "d9a5636a-537d-449d-84ee-20131544b9df"}}, {"model": "products.sizevariant", "pk": "14e484b2-b54d-404a-af3b-c354ff203524", "fields": {"created_at": "2023-11-25T15:50:16.548Z", "updated_at": "2023-11-25T15:50:16.548Z", "size_name": "M", "price": 0, "uuid": "68b92887-9cf6-4619-860b-8fe7b41e43f4"}}, {"model": "products.sizevariant", "pk": "160e2031-cc09-4461-af44-39b5d56c5763", "fields": {"created_at": "2023-12-10T18:33:54.971Z", "updated_at": "2023-12-10T18:33:54.971Z", "size_name": "L", "price": 0, "uuid": "2f7e0339-743c-4a55-80a2-f5b6e3a96235"}}, {"model": "products.sizevariant", "pk": "284a2a1a-8626-480d-a33d-926c1727883a", "fields": {"created_at": "2023-11-25T15:50:19.645Z", "updated_at": "2023-11-25T15:50:19.645Z", "size_name": "L", "price": 0, "uuid": "c4f4499a-6125-4f34-bc49-0b002e6e39ea"}}, {"model": "products.sizevariant", "pk": "56b71d6c-a486-4bb2-ac3c-cdc3f6bbc379", "fields": {"created_at": "2023-11-26T19:17:52.579Z", "updated_at": "2023-11-26T19:17:52.579Z", "size_name": "S", "price": 0, "uuid": "85bc6341-d290-4a00-922c-7ae25a0bb93b"}}, {"model": "products.sizevariant", "pk": "57cb9a9d-1e80-4666-a37a-1949d9460454", "fields": {"created_at": "2023-12-05T16:02:21.085Z", "updated_at": "2023-12-05T16:02:21.085Z", "size_name": "L", "price": 0, "uuid": "a538905c-028c-498b-96fb-b25f13de22cb"}}, {"model": "products.sizevariant", "pk": "6a030499-6182-44d3-9456-09a1689b78b4", "fields": {"created_at": "2023-12-22T18:56:34.107Z", "updated_at": "2023-12-22T18:56:34.107Z", "size_name": "M", "price": 0, "uuid": "3d7ef831-1efc-4ce4-afa4-3a9ac936a413"}}, {"model": "products.sizevariant", "pk": "732280d1-c85c-42c1-8d0c-7e8442c5f29a", "fields": {"created_at": "2023-11-25T15:50:22.672Z", "updated_at": "2023-11-25T15:50:22.672Z", "size_name": "XL", "price": 0, "uuid": "14fa9752-4c6a-41b6-afef-14edde3eaa1f"}}, {"model": "products.sizevariant", "pk": "8500db5e-ff6d-4d4f-a8f2-1732c3dd0b2f", "fields": {"created_at": "2023-12-05T16:06:26.006Z", "updated_at": "2023-12-05T16:06:26.006Z", "size_name": "HATHI", "price": 0, "uuid": "e5e484f5-3a03-40ee-ab0f-265a2954e6f8"}}, {"model": "products.sizevariant", "pk": "9b9a9a9e-aed6-45bb-9a57-1768bcc51956", "fields": {"created_at": "2023-12-05T16:02:15.210Z", "updated_at": "2023-12-05T16:02:15.210Z", "size_name": "S", "price": 0, "uuid": "d521bab9-9ab5-4083-a493-cf6dfc32a529"}}, {"model": "products.sizevariant", "pk": "9c660e3d-a5f3-485e-bc83-e94a4580f376", "fields": {"created_at": "2023-12-10T18:33:51.350Z", "updated_at": "2023-12-10T18:33:51.350Z", "size_name": "M", "price": 0, "uuid": "10e763fe-3462-4305-8f4b-f1a5480c6e92"}}, {"model": "products.sizevariant", "pk": "b4e374c6-51f1-4200-bace-227b55df132c", "fields": {"created_at": "2023-11-26T19:18:59.927Z", "updated_at": "2023-11-26T19:18:59.927Z", "size_name": "S", "price": 0, "uuid": "eced67c9-4387-4ad3-894c-98a4a613c809"}}, {"model": "products.sizevariant", "pk": "ba05af7f-c80b-4ef2-ac92-04cda9ea5208", "fields": {"created_at": "2023-11-25T15:50:26.546Z", "updated_at": "2023-11-25T15:50:26.546Z", "size_name": "XXL", "price": 0, "uuid": "b72b9c2e-cd21-49b5-bb8e-72d8eb29a579"}}, {"model": "products.sizevariant", "pk": "c165219f-65b1-4920-af0a-f5115c939383", "fields": {"created_at": "2023-12-22T18:56:26.476Z", "updated_at": "2023-12-22T18:56:26.476Z", "size_name": "S", "price": 0, "uuid": "f441afd1-6e39-4aa9-97be-913fd3a18113"}}, {"model": "products.sizevariant", "pk": "e389eae4-8f09-42f9-8906-4499a791deaf", "fields": {"created_at": "2023-11-26T19:16:46.021Z", "updated_at": "2023-11-26T19:16:46.021Z", "size_name": "S", "price": 0, "uuid": "6117194c-2828-41dd-b31a-36b6b154c4ae"}}, {"model": "products.sizevariant", "pk": "f943ddbe-12eb-4ffd-bebb-2244211059a2", "fields": {"created_at": "2023-11-26T19:20:07.520Z", "updated_at": "2023-11-26T19:20:07.520Z", "size_name": "S", "price": 0, "uuid": "41dd18f9-4d95-4e43-a5fd-13249b9095fe"}}, {"model": "products.sizevariant", "pk": "fbbc4e92-bfd6-4e55-ac29-95335781f051", "fields": {"created_at": "2023-12-10T18:33:59.206Z", "updated_at": "2023-12-10T18:33:59.206Z", "size_name": "XL", "price": 0, "uuid": "1cd946e8-0f2f-4a36-83f9-6291a036325d"}}, {"model": "products.sizevariant", "pk": "fd557a77-57fe-4815-8633-79f6358d561f", "fields": {"created_at": "2023-11-25T15:50:12.652Z", "updated_at": "2023-11-25T15:50:12.652Z", "size_name": "S", "price": 0, "uuid": "f9f71155-ef62-40c7-b917-db5dea9e632e"}}, {"model": "products.product", "pk": "84a9ab8b-79de-40ea-a893-99ab0a51f50c", "fields": {"created_at": "2023-12-05T16:06:34.394Z", "updated_at": "2023-12-05T16:02:59.186Z", "product_name": "Embrace The Chaos Within Black", "slug": "embrace-the-chaos-within-black", "category": "b71d2ac9-7723-4e2a-b524-42e3d93cc3ae", "original_price": 1899, "discounted_price": 1499, "product_description": "black embrace the chaos within black hoodie", "color_variant": [], "size_variant": ["0bf97804-48d5-4a8a-ad38-5393ff2039f3", "57cb9a9d-1e80-4666-a37a-1949d9460454", "8500db5e-ff6d-4d4f-a8f2-1732c3dd0b2f", "9b9a9a9e-aed6-45bb-9a57-1768bcc51956"]}}, {"model": "products.product", "pk": "98895d34-ec64-4478-abf1-0d9595c555f9", "fields": {"created_at": "2023-12-22T16:58:59.200Z", "updated_at": "2023-11-25T15:45:15.379Z", "product_name": "PURE WHITE T-SHIRT", "slug": "pure-white-t-shirt", "category": "b3ee9af6-c53f-40d4-b5a5-47aec783250f", "original_price": 799, "discounted_price": 449, "product_description": "Introducing the epitome of comfort and style  our White Pre-shrunk Cotton T-shirt. Crafted from premium 180 GSM Single Jersey fabric, this shirt is a testament to quality and durability. The pre-shrunk feature ensures a perfect fit from day one, maintaining its shape wash after wash.\r\n\r\nDesigned with your comfort in mind, the Biowashed Cotton fabric adds a luxurious touch, making it a delight to wear. The round neck and half sleeves add a timeless charm, making it a versatile wardrobe staple suitable for any occasion.\r\n\r\nWhether you're dressing it up or keeping it casual, this T-shirt effortlessly blends fashion and functionality. Elevate your wardrobe with the sleek simplicity of white, allowing you to pair it seamlessly with your favorite jeans or dress it up with a jacket.\r\n\r\nIndulge in the ultimate combination of comfort and style with our White Pre-shrunk Cotton T-shirt  where every detail is crafted to perfection, ensuring you stand out with confidence.", "color_variant": [], "size_variant": ["14e484b2-b54d-404a-af3b-c354ff203524", "284a2a1a-8626-480d-a33d-926c1727883a", "732280d1-c85c-42c1-8d0c-7e8442c5f29a", "ba05af7f-c80b-4ef2-ac92-04cda9ea5208", "fd557a77-57fe-4815-8633-79f6358d561f"]}}, {"model": "products.product", "pk": "9bdf9b50-e0fb-4c6a-b587-b5fdfab3b494", "fields": {"created_at": "2023-12-22T16:58:51.725Z", "updated_at": "2023-11-26T19:19:07.545Z", "product_name": "Royal Blue", "slug": "royal-blue", "category": "b3ee9af6-c53f-40d4-b5a5-47aec783250f", "original_price": 799, "discounted_price": 449, "product_description": "Royal Blue", "color_variant": [], "size_variant": ["b4e374c6-51f1-4200-bace-227b55df132c"]}}, {"model": "products.product", "pk": "9d1e1259-1b0b-4935-8ef2-b5272ecc4eb1", "fields": {"created_at": "2023-12-22T16:58:41.895Z", "updated_at": "2023-11-26T19:20:15.341Z", "product_name": "Black", "slug": "black", "category": "b3ee9af6-c53f-40d4-b5a5-47aec783250f", "original_price": 799, "discounted_price": 449, "product_description": "Black", "color_variant": [], "size_variant": ["f943ddbe-12eb-4ffd-bebb-2244211059a2"]}}, {"model": "products.product", "pk": "d0936492-83e2-4be7-92a8-b98f7c9bcb3b", "fields": {"created_at": "2023-12-10T18:34:16.917Z", "updated_at": "2023-12-10T18:34:16.917Z", "product_name": "white wander offen, wonder always", "slug": "white-wander-offen-wonder-always", "category": "b71d2ac9-7723-4e2a-b524-42e3d93cc3ae", "original_price": 1899, "discounted_price": 1499, "product_description": "hoodie", "color_variant": [], "size_variant": ["07eb4f7c-ff0f-4d93-b50e-e3b10c214370", "160e2031-cc09-4461-af44-39b5d56c5763", "9c660e3d-a5f3-485e-bc83-e94a4580f376", "fbbc4e92-bfd6-4e55-ac29-95335781f051"]}}, {"model": "products.product", "pk": "d19738ac-a6b3-4e87-b684-be0055441267", "fields": {"created_at": "2023-12-22T18:57:16.720Z", "updated_at": "2023-12-22T18:57:16.720Z", "product_name": "embrace the chaos", "slug": "embrace-the-chaos", "category": "b71d2ac9-7723-4e2a-b524-42e3d93cc3ae", "original_price": 1499, "discounted_price": 1349, "product_description": "300 GSM HOODIE", "color_variant": [], "size_variant": ["6a030499-6182-44d3-9456-09a1689b78b4", "c165219f-65b1-4920-af0a-f5115c939383"]}}, {"model": "products.product", "pk": "d3ab01b8-045a-4d45-9832-35fec6dda1aa", "fields": {"created_at": "2023-12-22T16:58:30.987Z", "updated_at": "2023-11-26T19:17:59.478Z", "product_name": "lavender", "slug": "lavender", "category": "b3ee9af6-c53f-40d4-b5a5-47aec783250f", "original_price": 799, "discounted_price": 449, "product_description": "lavender", "color_variant": [], "size_variant": ["56b71d6c-a486-4bb2-ac3c-cdc3f6bbc379"]}}, {"model": "products.product", "pk": "e61f37bd-00ff-4b0c-893b-0f5d17cc40cd", "fields": {"created_at": "2023-12-22T16:58:24.272Z", "updated_at": "2023-11-26T19:16:58.387Z", "product_name": "cement gray", "slug": "cement-gray", "category": "b3ee9af6-c53f-40d4-b5a5-47aec783250f", "original_price": 799, "discounted_price": 449, "product_description": "cement gray", "color_variant": [], "size_variant": ["e389eae4-8f09-42f9-8906-4499a791deaf"]}}, {"model": "products.productimage", "pk": "1869194b-d415-4f17-bb17-d73988f41162", "fields": {"created_at": "2023-12-10T18:34:16.926Z", "updated_at": "2023-12-10T18:34:16.926Z", "product": "d0936492-83e2-4be7-92a8-b98f7c9bcb3b", "image": "images/products/white-wanderlust.png"}}, {"model": "products.productimage", "pk": "1d9a370a-cae1-4265-8387-317927e6fe1f", "fields": {"created_at": "2023-12-05T16:05:20.224Z", "updated_at": "2023-12-05T16:02:59.191Z", "product": "84a9ab8b-79de-40ea-a893-99ab0a51f50c", "image": "images/products/snapedit_1701791998411_1.png"}}, {"model": "products.productimage", "pk": "81ce189d-e11a-4d52-8be1-fef1b0b984f0", "fields": {"created_at": "2023-12-22T16:53:28.209Z", "updated_at": "2023-11-25T15:45:15.383Z", "product": "98895d34-ec64-4478-abf1-0d9595c555f9", "image": "images/products/classic_white.webp"}}, {"model": "products.productimage", "pk": "adf93488-0d8c-4878-b465-0b69f2690dc6", "fields": {"created_at": "2023-12-22T18:57:16.727Z", "updated_at": "2023-12-22T18:57:16.727Z", "product": "d19738ac-a6b3-4e87-b684-be0055441267", "image": "images/products/Hoodie-Mockup_ZMYirAZ.webp"}}, {"model": "products.productimage", "pk": "bf2a089d-6835-4803-a872-d6e206c93334", "fields": {"created_at": "2023-12-22T18:57:16.725Z", "updated_at": "2023-12-22T18:57:16.725Z", "product": "d19738ac-a6b3-4e87-b684-be0055441267", "image": "images/products/Hoodie-Mockup.webp"}}, {"model": "products.productimage", "pk": "e67eb0fd-1982-4b51-b0d4-32b3da56ba37", "fields": {"created_at": "2023-12-22T16:56:45.888Z", "updated_at": "2023-11-26T19:16:58.390Z", "product": "e61f37bd-00ff-4b0c-893b-0f5d17cc40cd", "image": "images/products/cement_gray.webp"}}, {"model": "products.productimage", "pk": "f5774f92-577b-492e-8d70-8103eaceb953", "fields": {"created_at": "2023-12-22T16:55:35.174Z", "updated_at": "2023-11-26T19:17:59.492Z", "product": "d3ab01b8-045a-4d45-9832-35fec6dda1aa", "image": "images/products/lavender.webp"}}, {"model": "products.productimage", "pk": "fdc6f95f-06c4-4b56-a8fb-ff5a65ab0442", "fields": {"created_at": "2023-12-22T16:54:32.861Z", "updated_at": "2023-11-26T19:20:15.354Z", "product": "9d1e1259-1b0b-4935-8ef2-b5272ecc4eb1", "image": "images/products/black.webp"}}, {"model": "products.productimage", "pk": "fddb3d2a-ceb7-4fef-bbf1-b9526a05e9a2", "fields": {"created_at": "2023-11-25T15:45:15.384Z", "updated_at": "2023-11-25T15:45:15.384Z", "product": "98895d34-ec64-4478-abf1-0d9595c555f9", "image": "images/products/f2280c96-c175-4143-a5e8-f40b062a7c30.png"}}, {"model": "products.productimage", "pk": "fe214cc1-0f4b-45ff-ae00-402879928490", "fields": {"created_at": "2023-12-22T16:54:02.136Z", "updated_at": "2023-11-26T19:19:07.547Z", "product": "9bdf9b50-e0fb-4c6a-b587-b5fdfab3b494", "image": "images/products/royal_blue.webp"}}, {"model": "products.wishlistitem", "pk": "fbf2503b-6519-46c6-9e2b-04d031a045a9", "fields": {"created_at": "2023-12-18T15:22:21.506Z", "updated_at": "2023-12-18T15:22:21.506Z", "user": 8, "product": "98895d34-ec64-4478-abf1-0d9595c555f9", "size": "L", "color": "ffffff", "added_at": "2023-12-18T15:22:21.506Z"}}, {"model": "products.bag", "pk": "005d90a9-5d9c-4c5a-8ddd-df828802dcce", "fields": {"created_at": "2023-12-20T20:13:08.730Z", "updated_at": "2023-12-20T20:12:38.474Z", "user": 8, "is_paid": true, "added_at": "2023-12-20T20:12:38.474Z", "razor_pay_order_id": "order_NEj9QpfsTUuFPq", "razor_pay_payment_id": "pay_NEj9kOczStX9vw", "razor_pay_payment_signature": "0f5dd23af69b47ff1d56d06d49bb629f8b25bdeab1fec3eaa4deb894fdd7378b", "shipping_cost": 0}}, {"model": "products.bag", "pk": "077b5557-6443-4745-af0d-38b65a425df0", "fields": {"created_at": "2024-02-25T08:38:09.181Z", "updated_at": "2023-12-31T06:30:10.832Z", "user": 42, "is_paid": true, "added_at": "2023-12-31T06:30:10.833Z", "razor_pay_order_id": "order_Nf368layE85NCv", "razor_pay_payment_id": "pay_Nf36kExPwRNQsz", "razor_pay_payment_signature": "74f512dfc6e463a6b8b15625a3a8389dbe2e4b2463af3530200682064129519d", "shipping_cost": 0}}, {"model": "products.bag", "pk": "1a66f006-1257-4964-9e92-3a83d7aa5a4e", "fields": {"created_at": "2023-12-20T19:21:19.589Z", "updated_at": "2023-12-20T19:19:28.486Z", "user": 8, "is_paid": true, "added_at": "2023-12-20T19:19:28.486Z", "razor_pay_order_id": "order_NEiFGByQRc901d", "razor_pay_payment_id": "pay_NEiFZ5boeBtnLA", "razor_pay_payment_signature": "780866caac0c8bb757ca3cc5a8896cc017aa30e58c93f138611050e74c3b66e8", "shipping_cost": 0}}, {"model": "products.bag", "pk": "2c5837b6-d952-4421-9818-5b0ddf7077a1", "fields": {"created_at": "2023-12-20T19:31:21.035Z", "updated_at": "2023-12-20T19:30:45.897Z", "user": 8, "is_paid": true, "added_at": "2023-12-20T19:30:45.897Z", "razor_pay_order_id": "order_NEiRLQ31gxSORR", "razor_pay_payment_id": "pay_NEiRbjHDz91z0S", "razor_pay_payment_signature": "d98e0d2e447ac44be01a6a784a9f6c04c9bf3b049682b15dbc636cf43749f812", "shipping_cost": 0}}, {"model": "products.bag", "pk": "39e498dd-f281-4c1f-834a-5a82ef161ab9", "fields": {"created_at": "2023-12-20T19:36:01.610Z", "updated_at": "2023-12-20T19:35:31.003Z", "user": 8, "is_paid": true, "added_at": "2023-12-20T19:35:31.003Z", "razor_pay_order_id": "order_NEiWHe6mS4TfdT", "razor_pay_payment_id": "pay_NEiWX5PsMo1BJE", "razor_pay_payment_signature": "4097a723ee69305b4771f518a7cb6efa5bc4f06d8c118d16c047f558a31534c5", "shipping_cost": 0}}, {"model": "products.bag", "pk": "4633760b-9f98-46c8-90dc-d0ce99cd3cb9", "fields": {"created_at": "2023-12-20T15:46:54.215Z", "updated_at": "2023-12-20T15:46:26.544Z", "user": 8, "is_paid": true, "added_at": "2023-12-20T15:46:26.544Z", "razor_pay_order_id": "order_NEecDpVfUpapB6", "razor_pay_payment_id": "pay_NEecViiK5tFu56", "razor_pay_payment_signature": "ccd9005fd1b3f0d3c726564b09b76acb964c3aafa82e6bf3ac5329c51ec12a5b", "shipping_cost": 0}}, {"model": "products.bag", "pk": "55b71567-ec82-4734-b8f5-cb2461ea25ae", "fields": {"created_at": "2023-12-20T16:47:59.244Z", "updated_at": "2023-12-20T16:47:30.557Z", "user": 8, "is_paid": true, "added_at": "2023-12-20T16:47:30.557Z", "razor_pay_order_id": "order_NEfek07tiPdqpO", "razor_pay_payment_id": "pay_NEff24Q7IVBLsS", "razor_pay_payment_signature": "11d2e0e7a394b4c838c21585da91b28bc15c165dbb4b3a4b4412d322a473e77d", "shipping_cost": 0}}, {"model": "products.bag", "pk": "56eb9166-f5d5-4b14-a4bd-6307a7410a20", "fields": {"created_at": "2024-02-25T09:01:09.616Z", "updated_at": "2024-02-25T09:00:02.438Z", "user": 42, "is_paid": true, "added_at": "2024-02-25T09:00:02.438Z", "razor_pay_order_id": "order_Nf3UKbKa8P65BY", "razor_pay_payment_id": "pay_Nf3V2XsjAJsTNB", "razor_pay_payment_signature": "aaea1ab38d73a7b4412800240c558ffc0e67e82ffd64258389ef1690e59348da", "shipping_cost": 0}}, {"model": "products.bag", "pk": "5c320240-67cc-4338-ba8b-ecff539c1277", "fields": {"created_at": "2023-12-20T17:28:02.955Z", "updated_at": "2023-12-20T17:27:32.085Z", "user": 8, "is_paid": true, "added_at": "2023-12-20T17:27:32.085Z", "razor_pay_order_id": "order_NEgL16V5Nlqcgo", "razor_pay_payment_id": "pay_NEgLLxzIGbJCEu", "razor_pay_payment_signature": "bcb6817490a1799732dd4bb1d5739d3a3cf8c7899b1ac5327419f42cfab92fff", "shipping_cost": 0}}, {"model": "products.bag", "pk": "5ebeadad-b53c-4eea-9c2e-010781637173", "fields": {"created_at": "2023-12-21T06:33:24.812Z", "updated_at": "2023-12-21T06:32:59.312Z", "user": 8, "is_paid": true, "added_at": "2023-12-21T06:32:59.312Z", "razor_pay_order_id": "order_NEtijZkpBIlrVl", "razor_pay_payment_id": "pay_NEtix7doxUCoSG", "razor_pay_payment_signature": "489fa225c3f37ffd5ed95fc5ed2405902f8bf7f84a17ec7af4ee32f4a8d4c9b2", "shipping_cost": 0}}, {"model": "products.bag", "pk": "61f4c7c8-7364-4cb6-a7a8-e4d461082a87", "fields": {"created_at": "2023-12-21T12:07:18.908Z", "updated_at": "2023-12-21T12:07:18.908Z", "user": 8, "is_paid": false, "added_at": "2023-12-21T12:07:18.908Z", "razor_pay_order_id": null, "razor_pay_payment_id": null, "razor_pay_payment_signature": null, "shipping_cost": 0}}, {"model": "products.bag", "pk": "63537e0f-5d7b-41c0-b017-75e82ef35076", "fields": {"created_at": "2023-12-20T19:08:05.341Z", "updated_at": "2023-12-20T19:05:17.742Z", "user": 8, "is_paid": true, "added_at": "2023-12-20T19:05:17.742Z", "razor_pay_order_id": "order_NEi0HkbWbtH4iz", "razor_pay_payment_id": "pay_NEi0tXbaA8jMtm", "razor_pay_payment_signature": "34b3873890e8f25ebb9c38b2b9683b62ae246af1d1ee314fe671d2fd5615e5bb", "shipping_cost": 0}}, {"model": "products.bag", "pk": "6e8c2f85-d144-4058-b9bb-2a9d0a1c6b99", "fields": {"created_at": "2023-12-21T06:48:18.326Z", "updated_at": "2023-12-21T06:47:44.002Z", "user": 8, "is_paid": true, "added_at": "2023-12-21T06:47:44.002Z", "razor_pay_order_id": "order_NEtyIOpMXKiKLI", "razor_pay_payment_id": "pay_NEtyh5KWjlYcnn", "razor_pay_payment_signature": "e5ab06a8a6bfcbff676c81edbee573bca241c6b9ea5012f3e8831848cf5de87b", "shipping_cost": 0}}, {"model": "products.bag", "pk": "6f5778f5-17fc-4fec-9a8c-356335dc3b18", "fields": {"created_at": "2023-12-20T16:46:20.001Z", "updated_at": "2023-12-20T16:45:48.535Z", "user": 8, "is_paid": true, "added_at": "2023-12-20T16:45:48.535Z", "razor_pay_order_id": "order_NEfcxv74DngDKO", "razor_pay_payment_id": "pay_NEfdIepR00VqpZ", "razor_pay_payment_signature": "f847d711f86c06eedffa746cc644ceb79d38b0daa19ea5d563bc412e2c594edf", "shipping_cost": 0}}, {"model": "products.bag", "pk": "71a93c43-0931-4bd3-af21-f127d19cd80f", "fields": {"created_at": "2023-12-21T06:54:46.257Z", "updated_at": "2023-12-21T06:54:18.690Z", "user": 8, "is_paid": true, "added_at": "2023-12-21T06:54:18.691Z", "razor_pay_order_id": "order_NEu5F8rAsyqmwc", "razor_pay_payment_id": "pay_NEu5WhmgPuxas4", "razor_pay_payment_signature": "6f53af3ea2068bc9a8fd0e340bffa71779bc0e0a2946efa6a1fea7004b7bedea", "shipping_cost": 0}}, {"model": "products.bag", "pk": "75aef630-420b-4ef8-b0f9-3c5ed43a2cad", "fields": {"created_at": "2023-12-20T15:36:16.978Z", "updated_at": "2023-12-20T15:35:47.492Z", "user": 8, "is_paid": true, "added_at": "2023-12-20T15:35:47.492Z", "razor_pay_order_id": "order_NEeQy3QpMkycDD", "razor_pay_payment_id": "pay_NEeRHziZuwLZWI", "razor_pay_payment_signature": "49ddad86cdd9bde942d0e2ecf38ac21bc2996f85996fc59a5d224989a44b4bfb", "shipping_cost": 0}}, {"model": "products.bag", "pk": "7c3cc227-84b1-48a6-9e75-2e887ca1cf56", "fields": {"created_at": "2023-12-20T17:19:40.769Z", "updated_at": "2023-12-20T17:19:13.125Z", "user": 8, "is_paid": true, "added_at": "2023-12-20T17:19:13.126Z", "razor_pay_order_id": "order_NEgCEfTpUKrZGB", "razor_pay_payment_id": "pay_NEgCWYZ6tDO5Ob", "razor_pay_payment_signature": "d224547ecde4724937bf7f286cd94fa3560d3e3ba6e4a530fd24e884e5ea3bf8", "shipping_cost": 0}}, {"model": "products.bag", "pk": "7ffe8bc9-46e2-4e73-bd8a-76ebfa7dbc97", "fields": {"created_at": "2023-12-21T07:15:53.159Z", "updated_at": "2023-12-21T07:13:39.676Z", "user": 8, "is_paid": true, "added_at": "2023-12-21T07:13:39.676Z", "razor_pay_order_id": "order_NEuRYnv6riWvK3", "razor_pay_payment_id": "pay_NEuRpUkv9Plf9C", "razor_pay_payment_signature": "9854c7ed14ed9ca13df2809c60d2224b125dd2dba4381d1ea5c19c2a72b0588a", "shipping_cost": 0}}, {"model": "products.bag", "pk": "84e6c6fb-3d4e-40aa-b742-70b9eaa2da71", "fields": {"created_at": "2023-12-20T20:15:33.026Z", "updated_at": "2023-12-20T20:14:58.895Z", "user": 8, "is_paid": true, "added_at": "2023-12-20T20:14:58.895Z", "razor_pay_order_id": "order_NEjBu0VTtldPoS", "razor_pay_payment_id": "pay_NEjCIDrJZVkQ2h", "razor_pay_payment_signature": "babb6545f9860f109b9ba901364d6d1e1061312dc2fa28dc0fe6e955b355b3ba", "shipping_cost": 0}}, {"model": "products.bag", "pk": "856381ad-e753-469f-876a-3f16c3855224", "fields": {"created_at": "2023-12-20T20:07:46.520Z", "updated_at": "2023-12-20T20:07:12.193Z", "user": 8, "is_paid": true, "added_at": "2023-12-20T20:07:12.193Z", "razor_pay_order_id": "order_NEj3o7i219pWzi", "razor_pay_payment_id": "pay_NEj44Sn9vtL6Et", "razor_pay_payment_signature": "da7ec94a8b8168111bf66dc92d5ee341481d59a529643aededcf1961d6bc8dbd", "shipping_cost": 0}}, {"model": "products.bag", "pk": "8b1ea4d4-116e-4dee-b852-185cfa152d63", "fields": {"created_at": "2024-06-19T09:30:42.045Z", "updated_at": "2024-06-19T09:30:42.045Z", "user": 42, "is_paid": false, "added_at": "2024-06-19T09:30:42.045Z", "razor_pay_order_id": null, "razor_pay_payment_id": null, "razor_pay_payment_signature": null, "shipping_cost": 0}}, {"model": "products.bag", "pk": "8bde20dd-b229-4a89-935b-f92bbb3ff8ff", "fields": {"created_at": "2023-12-20T19:55:11.119Z", "updated_at": "2023-12-20T19:54:06.787Z", "user": 8, "is_paid": true, "added_at": "2023-12-20T19:54:06.787Z", "razor_pay_order_id": "order_NEiqPU71W0gb9t", "razor_pay_payment_id": "pay_NEiqlf4XXmCD6u", "razor_pay_payment_signature": "89b4a72a4ba2f223b6808f52462cc2e98866f0c1e540783a24c60c570e85bc50", "shipping_cost": 0}}, {"model": "products.bag", "pk": "98095afe-7458-401d-8501-d117b424fdb2", "fields": {"created_at": "2023-12-20T19:39:49.254Z", "updated_at": "2023-12-20T19:39:08.377Z", "user": 8, "is_paid": true, "added_at": "2023-12-20T19:39:08.377Z", "razor_pay_order_id": "order_NEiaIdRf1rRB2J", "razor_pay_payment_id": "pay_NEiaXec65MBYAD", "razor_pay_payment_signature": "86a98eba583f89ecd8b201ef932fbc283864a46bd2ecdf542a7a0d96e78b770a", "shipping_cost": 0}}, {"model": "products.bag", "pk": "9e2bb6ff-a606-498e-aa3a-977532559a6a", "fields": {"created_at": "2023-12-30T08:30:43.590Z", "updated_at": "2023-12-30T08:29:26.215Z", "user": 42, "is_paid": true, "added_at": "2023-12-30T08:29:26.215Z", "razor_pay_order_id": "order_NIUVrYEO39YMrl", "razor_pay_payment_id": "pay_NIUW7thIY1yYfK", "razor_pay_payment_signature": "bb49b574c124ddd2decaa292c0e84a11210eb589efbe8571d964777b5109e509", "shipping_cost": 0}}, {"model": "products.bag", "pk": "b8e891be-1b54-4ab8-b6bd-32bc4eece8af", "fields": {"created_at": "2023-12-30T08:22:29.377Z", "updated_at": "2023-12-24T17:06:10.541Z", "user": 42, "is_paid": true, "added_at": "2023-12-24T17:06:10.541Z", "razor_pay_order_id": "order_NIUNaR5aLDD5jr", "razor_pay_payment_id": "pay_NIUOIF2T2E2w4j", "razor_pay_payment_signature": "258a9904875d52f281dd7e150250d55cbfa31ecb91b48005b6411bc77f65c882", "shipping_cost": 0}}, {"model": "products.bag", "pk": "b9a8331d-3a73-4530-bfcc-3c83b4860b91", "fields": {"created_at": "2023-12-21T06:44:50.885Z", "updated_at": "2023-12-21T06:44:16.401Z", "user": 8, "is_paid": true, "added_at": "2023-12-21T06:44:16.401Z", "razor_pay_order_id": "order_NEtueVYNM1ic1e", "razor_pay_payment_id": "pay_NEtv2igLW5a8Mu", "razor_pay_payment_signature": "44fc667bc96085cf873a49b6636fe55d3ff1800813145bb27547d6a87f98c2d7", "shipping_cost": 0}}, {"model": "products.bag", "pk": "bde7a645-a50d-482a-a6da-60c578feb7f0", "fields": {"created_at": "2024-06-17T13:37:30.950Z", "updated_at": "2024-02-25T11:19:40.095Z", "user": 42, "is_paid": true, "added_at": "2024-02-25T11:19:40.095Z", "razor_pay_order_id": "order_ONqYtCq5dJAGQj", "razor_pay_payment_id": "pay_ONqZVQqs6l23vZ", "razor_pay_payment_signature": "6c1bafc0a650295bc8b0ae83651315fb886f751b72a4028fb7246eb62da556bc", "shipping_cost": 0}}, {"model": "products.bag", "pk": "c2696d23-dc6a-42a8-8aec-309daa2f6228", "fields": {"created_at": "2023-12-20T20:10:16.110Z", "updated_at": "2023-12-20T20:09:42.490Z", "user": 8, "is_paid": true, "added_at": "2023-12-20T20:09:42.490Z", "razor_pay_order_id": "order_NEj6JPsHUO8uzj", "razor_pay_payment_id": "pay_NEj6hRfJZyKrca", "razor_pay_payment_signature": "d46275fc87235746e397051308ee79bfb5e85898141f9f2f7a9eb84a7c61073e", "shipping_cost": 0}}, {"model": "products.bag", "pk": "c904f273-75f0-4f75-bdf6-5472957b7904", "fields": {"created_at": "2023-12-21T06:28:33.136Z", "updated_at": "2023-12-21T06:27:55.912Z", "user": 8, "is_paid": true, "added_at": "2023-12-21T06:27:55.912Z", "razor_pay_order_id": "order_NEtdOaGJtovaU8", "razor_pay_payment_id": "pay_NEtdp5yc5RJBY8", "razor_pay_payment_signature": "115d1a30bdaba7fcd9f57f23ecd0300f40c73dcdc1f88eb1f5b447f95eae6480", "shipping_cost": 0}}, {"model": "products.bag", "pk": "ca4b2fc0-ac5b-4cf6-81ff-85bd762715f7", "fields": {"created_at": "2023-12-23T14:24:12.721Z", "updated_at": "2023-12-23T14:22:18.997Z", "user": 42, "is_paid": true, "added_at": "2023-12-23T14:22:18.997Z", "razor_pay_order_id": "order_NFonrLCGtDw4aT", "razor_pay_payment_id": "pay_NFooWkHTOEAgRf", "razor_pay_payment_signature": "6e8280b0ed19860e6e72bdccaebb7d86df3e62664d60935c97f7fe19adca19a7", "shipping_cost": 0}}, {"model": "products.bag", "pk": "d5c408c9-d5f7-49aa-a272-58879a15fa69", "fields": {"created_at": "2023-12-20T17:23:20.254Z", "updated_at": "2023-12-20T17:22:55.538Z", "user": 8, "is_paid": true, "added_at": "2023-12-20T17:22:55.538Z", "razor_pay_order_id": "order_NEgG9HJLmPeNsA", "razor_pay_payment_id": "pay_NEgGNm2TQtsNZV", "razor_pay_payment_signature": "a015da15097ecc5022fa0832b6a175c389865bfe91fde2f288bf46cec719b855", "shipping_cost": 0}}, {"model": "products.bag", "pk": "de782feb-688c-44f0-9782-9c96d4088950", "fields": {"created_at": "2023-12-21T06:37:25.431Z", "updated_at": "2023-12-21T06:36:57.823Z", "user": 8, "is_paid": true, "added_at": "2023-12-21T06:36:57.823Z", "razor_pay_order_id": "order_NEtmuli6hjt2YR", "razor_pay_payment_id": "pay_NEtnC66vHFfq7Q", "razor_pay_payment_signature": "ab3db41858e4c5d47442976d1a0cc1aaad1504d4c713a5d2d0d76df59fc825c5", "shipping_cost": 0}}, {"model": "products.bag", "pk": "e74d651a-7778-42b8-9470-78d4622a4646", "fields": {"created_at": "2023-12-20T19:26:16.765Z", "updated_at": "2023-12-20T19:25:51.552Z", "user": 8, "is_paid": true, "added_at": "2023-12-20T19:25:51.553Z", "razor_pay_order_id": "order_NEiM09yOfUEfms", "razor_pay_payment_id": "pay_NEiMEyuhPmoiQT", "razor_pay_payment_signature": "e2a93efd48cb43b187ee9ef7b4ac55a13e97c0a77eaa44b70985d5f78ef0b0d2", "shipping_cost": 0}}, {"model": "products.bag", "pk": "eaecaf88-e771-442b-b9e0-09fede8f500f", "fields": {"created_at": "2023-12-21T07:01:49.328Z", "updated_at": "2023-12-21T07:01:17.062Z", "user": 8, "is_paid": true, "added_at": "2023-12-21T07:01:17.062Z", "razor_pay_order_id": "order_NEuCbvvgzI81Kx", "razor_pay_payment_id": "pay_NEuCxORwbZFjvu", "razor_pay_payment_signature": "704607229bbadf8cf6d89b8b63f3c57d36314e7b27e44856e37a3f1464e705de", "shipping_cost": 0}}, {"model": "products.bag", "pk": "f8866ee2-4432-4ed5-bcb6-02ccd2d95cf1", "fields": {"created_at": "2023-12-20T15:34:45.852Z", "updated_at": "2023-12-18T15:22:32.373Z", "user": 8, "is_paid": true, "added_at": "2023-12-18T15:22:32.373Z", "razor_pay_order_id": "order_NEeOauU2wz9lHZ", "razor_pay_payment_id": "pay_NEePh9z9T12Xji", "razor_pay_payment_signature": "4d3e874ed6bcd3604f5f49ddfe7dce3e650795807082a9bb62f1520bd3938523", "shipping_cost": 0}}, {"model": "products.bag", "pk": "f93a8404-002c-49d4-866b-0ba5e0882a66", "fields": {"created_at": "2023-12-20T17:35:39.261Z", "updated_at": "2023-12-20T17:35:13.624Z", "user": 8, "is_paid": true, "added_at": "2023-12-20T17:35:13.624Z", "razor_pay_order_id": "order_NEgT9tI5KBJZpC", "razor_pay_payment_id": "pay_NEgTOEuuOkXpgI", "razor_pay_payment_signature": "82efd2819073e12c1cf49fec932f09bf3ea92a18d8cee0ee60d0b84630c26f2e", "shipping_cost": 0}}, {"model": "products.bagitems", "pk": "03e1ff51-6d55-4fef-b3ff-adc52e476606", "fields": {"created_at": "2023-12-20T20:07:19.508Z", "updated_at": "2023-12-20T20:07:19.492Z", "bag": "856381ad-e753-469f-876a-3f16c3855224", "product": "84a9ab8b-79de-40ea-a893-99ab0a51f50c", "size": "S", "color": "ffffff", "quantity": 2, "added_at": "2023-12-20T20:07:19.492Z"}}, {"model": "products.bagitems", "pk": "1954f2f2-8698-447f-8af7-f69c9e4fc4b6", "fields": {"created_at": "2023-12-20T19:35:35.268Z", "updated_at": "2023-12-20T19:35:35.249Z", "bag": "39e498dd-f281-4c1f-834a-5a82ef161ab9", "product": "84a9ab8b-79de-40ea-a893-99ab0a51f50c", "size": "M", "color": "ffffff", "quantity": 1, "added_at": "2023-12-20T19:35:35.249Z"}}, {"model": "products.bagitems", "pk": "204af7fc-f5ab-46d8-9e30-6518d26a6a7f", "fields": {"created_at": "2023-12-23T14:22:19.005Z", "updated_at": "2023-12-23T14:22:19.002Z", "bag": "ca4b2fc0-ac5b-4cf6-81ff-85bd762715f7", "product": "d19738ac-a6b3-4e87-b684-be0055441267", "size": "S", "color": "ffffff", "quantity": 1, "added_at": "2023-12-23T14:22:19.002Z"}}, {"model": "products.bagitems", "pk": "24739889-d277-44ee-beb5-c464ba75adc7", "fields": {"created_at": "2023-12-21T12:07:18.920Z", "updated_at": "2023-12-21T12:07:18.916Z", "bag": "61f4c7c8-7364-4cb6-a7a8-e4d461082a87", "product": "d0936492-83e2-4be7-92a8-b98f7c9bcb3b", "size": "XL", "color": "ffffff", "quantity": 1, "added_at": "2023-12-21T12:07:18.916Z"}}, {"model": "products.bagitems", "pk": "24f511a7-3d0c-4256-9e5c-41b5a8b61001", "fields": {"created_at": "2023-12-21T06:32:59.342Z", "updated_at": "2023-12-21T06:32:59.336Z", "bag": "5ebeadad-b53c-4eea-9c2e-010781637173", "product": "d0936492-83e2-4be7-92a8-b98f7c9bcb3b", "size": "XL", "color": "ffffff", "quantity": 1, "added_at": "2023-12-21T06:32:59.336Z"}}, {"model": "products.bagitems", "pk": "2b3ed564-1021-4f31-bc0d-e8fdcd3895cf", "fields": {"created_at": "2023-12-21T06:47:44.031Z", "updated_at": "2023-12-21T06:47:44.025Z", "bag": "6e8c2f85-d144-4058-b9bb-2a9d0a1c6b99", "product": "d0936492-83e2-4be7-92a8-b98f7c9bcb3b", "size": "XL", "color": "ffffff", "quantity": 1, "added_at": "2023-12-21T06:47:44.025Z"}}, {"model": "products.bagitems", "pk": "2f358c48-c21d-4294-83f0-8bc56a55f42e", "fields": {"created_at": "2023-12-21T06:54:18.707Z", "updated_at": "2023-12-21T06:54:18.702Z", "bag": "71a93c43-0931-4bd3-af21-f127d19cd80f", "product": "d0936492-83e2-4be7-92a8-b98f7c9bcb3b", "size": "XL", "color": "ffffff", "quantity": 1, "added_at": "2023-12-21T06:54:18.702Z"}}, {"model": "products.bagitems", "pk": "34ca6822-157a-4864-93ef-9a1d120632a2", "fields": {"created_at": "2023-12-20T20:12:38.493Z", "updated_at": "2023-12-20T20:12:38.489Z", "bag": "005d90a9-5d9c-4c5a-8ddd-df828802dcce", "product": "84a9ab8b-79de-40ea-a893-99ab0a51f50c", "size": "S", "color": "ffffff", "quantity": 2, "added_at": "2023-12-20T20:12:38.489Z"}}, {"model": "products.bagitems", "pk": "3564c45b-61d3-474b-b27b-fd581547ad81", "fields": {"created_at": "2023-12-20T19:54:23.289Z", "updated_at": "2023-12-20T19:54:23.277Z", "bag": "8bde20dd-b229-4a89-935b-f92bbb3ff8ff", "product": "84a9ab8b-79de-40ea-a893-99ab0a51f50c", "size": "L", "color": "ffffff", "quantity": 3, "added_at": "2023-12-20T19:54:23.277Z"}}, {"model": "products.bagitems", "pk": "38ecf09a-16c4-491f-acea-584fdc04f774", "fields": {"created_at": "2023-12-20T19:19:28.508Z", "updated_at": "2023-12-20T19:19:28.505Z", "bag": "1a66f006-1257-4964-9e92-3a83d7aa5a4e", "product": "d0936492-83e2-4be7-92a8-b98f7c9bcb3b", "size": "XL", "color": "ffffff", "quantity": 1, "added_at": "2023-12-20T19:19:28.505Z"}}, {"model": "products.bagitems", "pk": "3f186fca-1d58-4ebc-9447-3f37324571d1", "fields": {"created_at": "2023-12-21T07:14:03.627Z", "updated_at": "2023-12-21T07:14:03.602Z", "bag": "7ffe8bc9-46e2-4e73-bd8a-76ebfa7dbc97", "product": "98895d34-ec64-4478-abf1-0d9595c555f9", "size": "XL", "color": "ffffff", "quantity": 4, "added_at": "2023-12-21T07:14:03.602Z"}}, {"model": "products.bagitems", "pk": "4387f829-b040-422f-8a57-ea93aa2d25f8", "fields": {"created_at": "2023-12-21T07:14:13.994Z", "updated_at": "2023-12-21T07:14:13.977Z", "bag": "7ffe8bc9-46e2-4e73-bd8a-76ebfa7dbc97", "product": "9bdf9b50-e0fb-4c6a-b587-b5fdfab3b494", "size": "S", "color": "ffffff", "quantity": 4, "added_at": "2023-12-21T07:14:13.977Z"}}, {"model": "products.bagitems", "pk": "4a18c646-d131-474c-aaa9-f7b73e8bea55", "fields": {"created_at": "2023-12-20T20:09:42.507Z", "updated_at": "2023-12-20T20:09:42.503Z", "bag": "c2696d23-dc6a-42a8-8aec-309daa2f6228", "product": "84a9ab8b-79de-40ea-a893-99ab0a51f50c", "size": "S", "color": "ffffff", "quantity": 2, "added_at": "2023-12-20T20:09:42.503Z"}}, {"model": "products.bagitems", "pk": "4a84d346-08c6-4bd4-a65a-cc8c8315f20b", "fields": {"created_at": "2023-12-20T15:46:26.572Z", "updated_at": "2023-12-20T15:46:26.569Z", "bag": "4633760b-9f98-46c8-90dc-d0ce99cd3cb9", "product": "d0936492-83e2-4be7-92a8-b98f7c9bcb3b", "size": "XL", "color": "ffffff", "quantity": 1, "added_at": "2023-12-20T15:46:26.569Z"}}, {"model": "products.bagitems", "pk": "543f4fe4-9115-4e9f-910e-fbd5f7e96d16", "fields": {"created_at": "2023-12-21T07:15:25.064Z", "updated_at": "2023-12-21T07:13:51.603Z", "bag": "7ffe8bc9-46e2-4e73-bd8a-76ebfa7dbc97", "product": "84a9ab8b-79de-40ea-a893-99ab0a51f50c", "size": "S", "color": "ffffff", "quantity": 3, "added_at": "2023-12-21T07:13:51.603Z"}}, {"model": "products.bagitems", "pk": "54cc417b-f0bf-4bad-90d7-99cac09fcf4f", "fields": {"created_at": "2023-12-30T08:20:25.420Z", "updated_at": "2023-12-30T08:20:25.412Z", "bag": "b8e891be-1b54-4ab8-b6bd-32bc4eece8af", "product": "d19738ac-a6b3-4e87-b684-be0055441267", "size": "S", "color": "ffffff", "quantity": 1, "added_at": "2023-12-30T08:20:25.412Z"}}, {"model": "products.bagitems", "pk": "620d8609-d64d-41cc-9c43-b1a162a2b7c8", "fields": {"created_at": "2023-12-21T07:15:21.092Z", "updated_at": "2023-12-21T07:13:39.699Z", "bag": "7ffe8bc9-46e2-4e73-bd8a-76ebfa7dbc97", "product": "d0936492-83e2-4be7-92a8-b98f7c9bcb3b", "size": "XL", "color": "ffffff", "quantity": 1, "added_at": "2023-12-21T07:13:39.699Z"}}, {"model": "products.bagitems", "pk": "65cd1aac-4f03-4cbc-afb4-bc8bbc0d1c3c", "fields": {"created_at": "2023-12-20T17:35:13.662Z", "updated_at": "2023-12-20T17:35:13.654Z", "bag": "f93a8404-002c-49d4-866b-0ba5e0882a66", "product": "d0936492-83e2-4be7-92a8-b98f7c9bcb3b", "size": "XL", "color": "ffffff", "quantity": 1, "added_at": "2023-12-20T17:35:13.654Z"}}, {"model": "products.bagitems", "pk": "6ab0a824-5a45-4dc6-9247-fbcf2592b471", "fields": {"created_at": "2023-12-20T15:35:47.503Z", "updated_at": "2023-12-20T15:35:47.499Z", "bag": "75aef630-420b-4ef8-b0f9-3c5ed43a2cad", "product": "d0936492-83e2-4be7-92a8-b98f7c9bcb3b", "size": "M", "color": "ffffff", "quantity": 1, "added_at": "2023-12-20T15:35:47.499Z"}}, {"model": "products.bagitems", "pk": "75e6eedb-99d5-448d-838f-144ebac00d40", "fields": {"created_at": "2023-12-24T17:06:10.552Z", "updated_at": "2023-12-24T17:06:10.547Z", "bag": "b8e891be-1b54-4ab8-b6bd-32bc4eece8af", "product": "e61f37bd-00ff-4b0c-893b-0f5d17cc40cd", "size": "S", "color": "ffffff", "quantity": 1, "added_at": "2023-12-24T17:06:10.547Z"}}, {"model": "products.bagitems", "pk": "7baee02a-f888-42e4-9199-25d069ec628d", "fields": {"created_at": "2023-12-18T15:25:54.674Z", "updated_at": "2023-12-18T15:22:32.385Z", "bag": "f8866ee2-4432-4ed5-bcb6-02ccd2d95cf1", "product": "98895d34-ec64-4478-abf1-0d9595c555f9", "size": "XXL", "color": "ffffff", "quantity": 1, "added_at": "2023-12-18T15:22:32.385Z"}}, {"model": "products.bagitems", "pk": "7c4f35e8-f15c-4b43-886f-50e27f1ba0c2", "fields": {"created_at": "2023-12-21T06:44:16.428Z", "updated_at": "2023-12-21T06:44:16.423Z", "bag": "b9a8331d-3a73-4530-bfcc-3c83b4860b91", "product": "d0936492-83e2-4be7-92a8-b98f7c9bcb3b", "size": "XL", "color": "ffffff", "quantity": 1, "added_at": "2023-12-21T06:44:16.423Z"}}, {"model": "products.bagitems", "pk": "7cc29677-cdc0-4c83-a07f-02ff620e9b64", "fields": {"created_at": "2023-12-20T19:39:08.390Z", "updated_at": "2023-12-20T19:39:08.387Z", "bag": "98095afe-7458-401d-8501-d117b424fdb2", "product": "84a9ab8b-79de-40ea-a893-99ab0a51f50c", "size": "S", "color": "ffffff", "quantity": 2, "added_at": "2023-12-20T19:39:08.387Z"}}, {"model": "products.bagitems", "pk": "84610d6c-1411-459d-8bd7-604475146cee", "fields": {"created_at": "2023-12-20T16:45:48.554Z", "updated_at": "2023-12-20T16:45:48.547Z", "bag": "6f5778f5-17fc-4fec-9a8c-356335dc3b18", "product": "d0936492-83e2-4be7-92a8-b98f7c9bcb3b", "size": "XL", "color": "ffffff", "quantity": 1, "added_at": "2023-12-20T16:45:48.547Z"}}, {"model": "products.bagitems", "pk": "8a198d68-b9f0-406c-9e2a-f01fc448fc1f", "fields": {"created_at": "2023-12-20T19:35:31.023Z", "updated_at": "2023-12-20T19:35:31.020Z", "bag": "39e498dd-f281-4c1f-834a-5a82ef161ab9", "product": "84a9ab8b-79de-40ea-a893-99ab0a51f50c", "size": "S", "color": "ffffff", "quantity": 1, "added_at": "2023-12-20T19:35:31.020Z"}}, {"model": "products.bagitems", "pk": "975ae99d-cd0b-40f1-8b65-c582e992c4d1", "fields": {"created_at": "2023-12-31T06:30:10.853Z", "updated_at": "2023-12-31T06:30:10.845Z", "bag": "077b5557-6443-4745-af0d-38b65a425df0", "product": "d19738ac-a6b3-4e87-b684-be0055441267", "size": "S", "color": "ffffff", "quantity": 1, "added_at": "2023-12-31T06:30:10.845Z"}}, {"model": "products.bagitems", "pk": "9970ee58-6bec-4210-8bfe-dd56462cb6c3", "fields": {"created_at": "2024-06-17T13:32:32.972Z", "updated_at": "2024-06-17T13:32:32.972Z", "bag": "bde7a645-a50d-482a-a6da-60c578feb7f0", "product": "d19738ac-a6b3-4e87-b684-be0055441267", "size": "S", "color": "ffffff", "quantity": 1, "added_at": "2024-06-17T13:32:32.972Z"}}, {"model": "products.bagitems", "pk": "9c311c94-ba42-451f-8017-d7968d0a1e92", "fields": {"created_at": "2023-12-20T19:54:29.680Z", "updated_at": "2023-12-20T19:54:29.674Z", "bag": "8bde20dd-b229-4a89-935b-f92bbb3ff8ff", "product": "84a9ab8b-79de-40ea-a893-99ab0a51f50c", "size": "S", "color": "ffffff", "quantity": 1, "added_at": "2023-12-20T19:54:29.674Z"}}, {"model": "products.bagitems", "pk": "9f94797d-df37-49e7-8e0c-7166b8296b70", "fields": {"created_at": "2023-12-20T19:05:17.770Z", "updated_at": "2023-12-20T19:05:17.765Z", "bag": "63537e0f-5d7b-41c0-b017-75e82ef35076", "product": "d0936492-83e2-4be7-92a8-b98f7c9bcb3b", "size": "XL", "color": "ffffff", "quantity": 1, "added_at": "2023-12-20T19:05:17.765Z"}}, {"model": "products.bagitems", "pk": "baf1df5b-d35f-43eb-8496-cf47168ca8b7", "fields": {"created_at": "2023-12-20T19:25:51.564Z", "updated_at": "2023-12-20T19:25:51.560Z", "bag": "e74d651a-7778-42b8-9470-78d4622a4646", "product": "d0936492-83e2-4be7-92a8-b98f7c9bcb3b", "size": "XL", "color": "ffffff", "quantity": 1, "added_at": "2023-12-20T19:25:51.560Z"}}, {"model": "products.bagitems", "pk": "bd7dcbcc-83a8-4c47-90b4-162b97cf1a84", "fields": {"created_at": "2023-12-21T06:27:55.946Z", "updated_at": "2023-12-21T06:27:55.939Z", "bag": "c904f273-75f0-4f75-bdf6-5472957b7904", "product": "84a9ab8b-79de-40ea-a893-99ab0a51f50c", "size": "S", "color": "ffffff", "quantity": 1, "added_at": "2023-12-21T06:27:55.939Z"}}, {"model": "products.bagitems", "pk": "be808eea-8d45-4525-8f41-632903dbc29d", "fields": {"created_at": "2023-12-22T18:06:36.035Z", "updated_at": "2023-12-22T18:06:36.021Z", "bag": "61f4c7c8-7364-4cb6-a7a8-e4d461082a87", "product": "e61f37bd-00ff-4b0c-893b-0f5d17cc40cd", "size": "S", "color": "ffffff", "quantity": 1, "added_at": "2023-12-22T18:06:36.021Z"}}, {"model": "products.bagitems", "pk": "c38add88-6ead-4eda-8052-a0b092186440", "fields": {"created_at": "2023-12-20T17:27:32.129Z", "updated_at": "2023-12-20T17:27:32.122Z", "bag": "5c320240-67cc-4338-ba8b-ecff539c1277", "product": "d0936492-83e2-4be7-92a8-b98f7c9bcb3b", "size": "XL", "color": "ffffff", "quantity": 1, "added_at": "2023-12-20T17:27:32.122Z"}}, {"model": "products.bagitems", "pk": "c3a23515-d2b0-409b-adac-952d80d09329", "fields": {"created_at": "2023-12-21T06:36:57.853Z", "updated_at": "2023-12-21T06:36:57.847Z", "bag": "de782feb-688c-44f0-9782-9c96d4088950", "product": "d0936492-83e2-4be7-92a8-b98f7c9bcb3b", "size": "XL", "color": "ffffff", "quantity": 1, "added_at": "2023-12-21T06:36:57.847Z"}}, {"model": "products.bagitems", "pk": "c6ab70b4-03d4-48d1-8a74-824a4fda658e", "fields": {"created_at": "2023-12-20T17:19:13.159Z", "updated_at": "2023-12-20T17:19:13.151Z", "bag": "7c3cc227-84b1-48a6-9e75-2e887ca1cf56", "product": "d0936492-83e2-4be7-92a8-b98f7c9bcb3b", "size": "XL", "color": "ffffff", "quantity": 1, "added_at": "2023-12-20T17:19:13.151Z"}}, {"model": "products.bagitems", "pk": "cfce13fe-d775-411a-9d74-9566d3e5e3cc", "fields": {"created_at": "2023-12-21T07:01:17.087Z", "updated_at": "2023-12-21T07:01:17.081Z", "bag": "eaecaf88-e771-442b-b9e0-09fede8f500f", "product": "d0936492-83e2-4be7-92a8-b98f7c9bcb3b", "size": "XL", "color": "ffffff", "quantity": 1, "added_at": "2023-12-21T07:01:17.081Z"}}, {"model": "products.bagitems", "pk": "d62a8bf6-2736-491e-8441-ecec1a29b23c", "fields": {"created_at": "2023-12-20T19:30:54.118Z", "updated_at": "2023-12-20T19:30:54.102Z", "bag": "2c5837b6-d952-4421-9818-5b0ddf7077a1", "product": "84a9ab8b-79de-40ea-a893-99ab0a51f50c", "size": "S", "color": "ffffff", "quantity": 1, "added_at": "2023-12-20T19:30:54.102Z"}}, {"model": "products.bagitems", "pk": "daa6835c-5573-47c8-8ed9-2e8380d08916", "fields": {"created_at": "2023-12-20T20:07:12.203Z", "updated_at": "2023-12-20T20:07:12.200Z", "bag": "856381ad-e753-469f-876a-3f16c3855224", "product": "d0936492-83e2-4be7-92a8-b98f7c9bcb3b", "size": "XL", "color": "ffffff", "quantity": 1, "added_at": "2023-12-20T20:07:12.200Z"}}, {"model": "products.bagitems", "pk": "dcf5e216-01f0-430e-b61e-aa3829ea4499", "fields": {"created_at": "2024-06-19T09:30:42.059Z", "updated_at": "2024-06-19T09:30:42.059Z", "bag": "8b1ea4d4-116e-4dee-b852-185cfa152d63", "product": "d3ab01b8-045a-4d45-9832-35fec6dda1aa", "size": "S", "color": "ffffff", "quantity": 1, "added_at": "2024-06-19T09:30:42.059Z"}}, {"model": "products.bagitems", "pk": "dd8b964c-6898-4403-ae2c-0f4b5695b24b", "fields": {"created_at": "2023-12-20T19:54:06.797Z", "updated_at": "2023-12-20T19:54:06.794Z", "bag": "8bde20dd-b229-4a89-935b-f92bbb3ff8ff", "product": "d0936492-83e2-4be7-92a8-b98f7c9bcb3b", "size": "XL", "color": "ffffff", "quantity": 1, "added_at": "2023-12-20T19:54:06.794Z"}}, {"model": "products.bagitems", "pk": "dfa0a85d-6410-414f-82ed-acd800af09e1", "fields": {"created_at": "2024-02-25T09:00:02.451Z", "updated_at": "2024-02-25T09:00:02.447Z", "bag": "56eb9166-f5d5-4b14-a4bd-6307a7410a20", "product": "98895d34-ec64-4478-abf1-0d9595c555f9", "size": "XXL", "color": "ffffff", "quantity": 1, "added_at": "2024-02-25T09:00:02.447Z"}}, {"model": "products.bagitems", "pk": "e90a790f-ec91-449c-b597-5699ce64aa20", "fields": {"created_at": "2023-12-30T08:29:26.251Z", "updated_at": "2023-12-30T08:29:26.243Z", "bag": "9e2bb6ff-a606-498e-aa3a-977532559a6a", "product": "d19738ac-a6b3-4e87-b684-be0055441267", "size": "S", "color": "ffffff", "quantity": 1, "added_at": "2023-12-30T08:29:26.243Z"}}, {"model": "products.bagitems", "pk": "e91d355d-7624-4de0-848d-7c615d7a90f3", "fields": {"created_at": "2023-12-20T19:30:45.907Z", "updated_at": "2023-12-20T19:30:45.904Z", "bag": "2c5837b6-d952-4421-9818-5b0ddf7077a1", "product": "d0936492-83e2-4be7-92a8-b98f7c9bcb3b", "size": "XL", "color": "ffffff", "quantity": 1, "added_at": "2023-12-20T19:30:45.904Z"}}, {"model": "products.bagitems", "pk": "ea1948c9-17f7-4396-9718-56dbebd2e073", "fields": {"created_at": "2023-12-20T16:47:30.585Z", "updated_at": "2023-12-20T16:47:30.579Z", "bag": "55b71567-ec82-4734-b8f5-cb2461ea25ae", "product": "d0936492-83e2-4be7-92a8-b98f7c9bcb3b", "size": "XL", "color": "ffffff", "quantity": 1, "added_at": "2023-12-20T16:47:30.579Z"}}, {"model": "products.bagitems", "pk": "f0a1e0b3-01d0-488c-9cdf-3f118638d904", "fields": {"created_at": "2023-12-20T19:39:21.222Z", "updated_at": "2023-12-20T19:39:21.168Z", "bag": "98095afe-7458-401d-8501-d117b424fdb2", "product": "d0936492-83e2-4be7-92a8-b98f7c9bcb3b", "size": "XL", "color": "ffffff", "quantity": 4, "added_at": "2023-12-20T19:39:21.168Z"}}, {"model": "products.bagitems", "pk": "f7e23916-2305-4465-93a2-725d7f3bdfd4", "fields": {"created_at": "2023-12-20T17:22:55.568Z", "updated_at": "2023-12-20T17:22:55.562Z", "bag": "d5c408c9-d5f7-49aa-a272-58879a15fa69", "product": "d0936492-83e2-4be7-92a8-b98f7c9bcb3b", "size": "XL", "color": "ffffff", "quantity": 1, "added_at": "2023-12-20T17:22:55.562Z"}}, {"model": "products.bagitems", "pk": "f7e3829e-4972-4168-9675-671b791957d1", "fields": {"created_at": "2023-12-20T20:14:58.905Z", "updated_at": "2023-12-20T20:14:58.901Z", "bag": "84e6c6fb-3d4e-40aa-b742-70b9eaa2da71", "product": "84a9ab8b-79de-40ea-a893-99ab0a51f50c", "size": "S", "color": "ffffff", "quantity": 1, "added_at": "2023-12-20T20:14:58.901Z"}}]